species,observed_homerange,family,n_ind,geog_range,movement_keyword,demers_pelag,length,common_name,kfin,r_fin,diet_troph3,class,iucn_category,predicted_homerange,predicted_pld,observed_pld
Acanthopagrus latus,0.146,Sparidae,7,4432500,habitat_coastal,demersal,40,yellowfin seabream,3432.653845,0.418755885,3.865511506,Actinopteri,DD,0.042968222,30.9686077,33.7
Acanthopagrus schlegelii,0.364,Sparidae,5,675000,habitat_coastal,demersal,50,blackhead seabream,2274.073215,0.44458551,3.305055929,Actinopteri,NA,0.053968556,29.5194732,NA
Albula vulpes,0.65,Albulidae,32,1525000,habitat_lagoon,reef-associated,104,bonefish,847.2094178,0.463332904,3.73,Actinopteri,NT,0.14844201,30.63762531,NA
Balistes capriscus,0.001307,Balistidae,13,5260000,habitat_reef,reef-associated,60,grey triggerfish,459.8551277,0.824568385,4.06,Actinopteri,VU,0.027174268,34.49780138,NA
Caranx crysos,0.021204,Carangidae,23,3710000,habitat_coastal,reef-associated,70,blue runner,18701.45839,0.710864347,4.13,Actinopteri,LC,0.128620694,29.46557768,NA
Centropomus undecimalis,220.625,Centropomidae,101,2412500,habitat_coastal,reef-associated,140,common snook,17095.64486,0.641889095,4.17,Actinopteri,LC,0.534124994,30.83860861,NA
Centropristis striata,3.75,Serranidae,109,632500,habitat_reef,reef-associated,66,black seabass,24088.86012,0.390595485,3.89,Actinopteri,LC,0.140275129,32.13870411,NA
Cephalopholis argus,0.0015,Serranidae,20,10685000,habitat_reef,reef-associated,60,peacock hind,173.6145665,0.453164741,4.48,Actinopteri,LC,0.029182461,28.21012433,27.5
Cephalopholis boenak,8.13E-06,Serranidae,50,10042500,habitat_reef,reef-associated,30,brown-banded seabass,467414.1572,0.477019133,4.07,Actinopteri,LC,9.37E-04,33.28281846,31
Cephalopholis hemistiktos,1.10E-05,Serranidae,16,852500,territorial,reef-associated,35,yellowfin hind,1047.361541,0.369072173,4.14,Actinopteri,LC,6.02E-04,31.80245798,NA
Cephalopholis miniata,2.14E-04,Serranidae,30,11952500,territorial,reef-associated,50,coral hind,990.2623918,0.453164741,4.29,Actinopteri,LC,0.21545971,23.68710686,NA
Conger conger,6.04E-04,Congridae,1,3262500,habitat_benthic,demersal,300,european conger,123532.8338,0.208342505,4.31,Actinopteri,LC,0.387770487,50.827262,NA
Dicentrarchus labrax,0.0177,Moronidae,2,1665000,habitat_coastal,demersal,103,european seabass,51902.73934,0.531450639,3.519897228,Actinopteri,LC,0.265532079,42.01468486,49.17666667
Epinephelus morio,2.09,Serranidae,28,3007500,habitat_benthic,reef-associated,125,red grouper,44841.13184,0.214918572,3.5,Actinopteri,VU,0.273267289,53.7506019,40
Epinephelus striatus,0.0183,Serranidae,22,2580000,habitat_reef,reef-associated,122,nassau grouper,2316.178743,0.263107501,4.06,Actinopteri,CR,0.071196634,39.21400964,42
Epinephelus tauvina,0.344,Serranidae,12,13810000,habitat_reef,reef-associated,100,greasy grouper,14708.16501,0.187076498,4.136398373,Actinopteri,DD,0.814134844,35.52875374,NA
Lachnolaimus maximus,0.00123,Labridae,54,1942500,habitat_reef,reef-associated,91,hogfish,1005.587269,0.503220372,4.17,Actinopteri,VU,0.058225423,26.55848538,25.9
Lethrinus harak,0.001988,Lethrinidae,21,8735000,habitat_reef,reef-associated,50,thumbprint emperor,139.727987,0.395683078,3.59,Actinopteri,LC,0.054074772,29.09891138,28
Lethrinus nebulosus,8.5,Lethrinidae,39,11485000,habitat_reef,reef-associated,87,spangled emperor,540.0978942,0.334828189,3.76,Actinopteri,LC,0.919770617,35.98728216,32.7
Lutjanus griseus,0.145837,Lutjanidae,14,2207500,habitat_reef,reef-associated,89,grey snapper,1831.695549,0.328631033,4.23,Actinopteri,LC,0.065570301,33.35153056,32.4
Makaira nigricans,114000,Istiophoridae,1,191340000,hms,pelagic-oceanic,500,blue marlin,135732.0485,0.267854308,4.49,Actinopteri,VU,94832.83353,35.37365082,NA
Morone saxatilis,7.78,Moronidae,214,565000,habitat_coastal,demersal,200,striped bass,27392.2621,0.255328822,4.65,Actinopteri,LC,0.118509869,41.47444718,33
Mulloidichthys flavolineatus,0.0054,Mullidae,4,11047500,habitat_reef,reef-associated,43,white goatfish,351.503561,0.798341841,3.84,Actinopteri,LC,0.053492931,43.07198643,60.1
Mycteroperca microlepis,0.0034,Serranidae,5,1780000,habitat_reef,reef-associated,145,gag,14127.2321,0.176804061,3.65,Actinopteri,VU,0.159129657,39.73844218,43
Naso unicornis,0.0321,Acanthuridae,7,11817500,habitat_reef,reef-associated,70,bluespine unicornfish,2152.086384,0.337334043,2.30557679,Actinopteri,LC,0.931325766,54.18047184,73.9
Ocyurus chrysurus,4.17,Lutjanidae,4,2962500,habitat_reef,reef-associated,86.30000305,yellowtail snapper,106024.5437,0.47392585,4.03,Actinopteri,DD,0.238323276,31.80770615,30.9
Ophiodon elongatus,0.0019795,Hexagrammidae,9,722500,migratory,demersal,152,lingcod,37899.04791,0.142917331,4.53,Actinopteri,NA,0.074369631,44.06271512,NA
Pagrus pagrus,0.303,Sparidae,5,5512500,habitat_reef,benthopelagic,91,red porgy,69501.76973,0.393674465,3.86,Actinopteri,LC,0.270792775,37.65994697,38
Paralichthys olivaceus,1.49E-05,Paralichthyidae,4,1642500,habitat_benthic,demersal,103,bastard halibut,5662.614177,0.873733883,4.46,Actinopteri,NA,0.081110817,48.44559799,NA
Parophrys vetulus,0.027,Pleuronectidae,8,1230000,migratory,demersal,49,english sole,21879.97938,0.313793044,3.445169816,Actinopteri,NA,0.111630441,46.12622026,NA
Plectropomus areolatus,0.048,Serranidae,15,5310000,migratory,reef-associated,80,squaretail coralgrouper,3094.997213,0.321726946,4.482012652,Actinopteri,VU,0.047396272,34.14482714,NA
Plectropomus leopardus,0.0146275,Serranidae,39,8795000,habitat_reef,reef-associated,120,coral trout,148319.6519,0.262136996,4.42,Actinopteri,LC,0.113374613,28.98231432,25.2
Pollachius pollachius,0.009056,Gadidae,2,1365000,habitat_coastal,benthopelagic,130,pollack,77783.54454,0.437336923,4.32,Actinopteri,LC,0.140127783,33.66150827,NA
Pollachius virens,0.044516,Gadidae,2,1737500,migratory,demersal,130,saithe,890845.9368,0.292771348,4.31,Actinopteri,NA,0.083433333,61.7487087,NA
Prolatilus jugularis,6.45E-06,Pinguipedidae,136,295000,habitat_benthic,demersal,40,pacific sandperch,735.5556771,0.636895363,3.734738536,Actinopteri,NA,0.004505198,42.77102464,NA
Pseudocaranx dentex,1.02,Carangidae,7,4832500,habitat_coastal,reef-associated,122,white trevally,12157.54843,0.381904298,3.92,Actinopteri,LC,0.263774346,33.1704258,NA
Salmo trutta,71.3,Salmonidae,6,1677500,migratory,pelagic-neritic,140,sea trout,4797.810026,0.745858627,3.36,Actinopteri,LC,0.657870187,41.69909834,NA
Scorpaenichthys marmoratus,0.0033,Cottidae,27,410000,habitat_benthic,demersal,99,cabezon,642.5057606,0.3221761,3.660011018,Actinopteri,NA,0.024451703,48.97187193,NA
Sebastes melanops,0.25,Sebastidae,23,1035000,habitat_reef,reef-associated,63,black rockfish,27787.10688,0.085048452,4.38,Actinopteri,NA,0.034276515,45.04911932,NA
Sebastes mystinus,0.008783,Sebastidae,10,680000,habitat_reef,reef-associated,61,blue rockfish,5301.71384,0.103740039,2.71,Actinopteri,NA,0.031647309,52.7057187,NA
Serranus cabrilla,0.77,Serranidae,15,3617500,habitat_benthic,demersal,40,comber,740.2557183,0.511028812,3.35,Actinopteri,LC,0.03867428,42.27796105,NA
Sparisoma cretense,0.041983,Scaridae,12,1422500,habitat_coastal,reef-associated,50,parrotfish,2093.718353,0.485599221,2.950100715,Actinopteri,LC,0.067663122,32.06815213,NA
Sparus aurata,0.1674366,Sparidae,5,1810000,habitat_reef,demersal,70,gilthead seabream,52530.50873,0.379937307,3.7,Actinopteri,LC,0.208232439,44.77549028,52
Sphyraena barracuda,1.39,Sphyraenidae,32,16007500,habitat_coastal,reef-associated,200,great barracuda,48650.52905,0.282732218,4.49,Actinopteri,LC,2.532902425,43.37028066,NA
Thunnus albacares,58000,Scombridae,3,238802500,hms,pelagic-oceanic,239,yellowfin tuna,2632284.907,0.371683336,4.41,Actinopteri,NT,23919.47588,39.06578765,26.53
Thunnus orientalis,91382,Scombridae,12,137085000,hms,pelagic-oceanic,300,pacific bluefin tuna,180859.509,0.191806337,4.416666667,Actinopteri,VU,36732.24825,32.36656871,NA
Xyrichtys novacula,0.32,Labridae,6,4975000,habitat_coastal,reef-associated,38,pearly razorfish,179.8277477,0.651045245,3.51,Actinopteri,LC,0.030708389,28.52060413,39
Boreogadus saida,0.218337659,Gadidae,77,4780000,migratory,demersal,40,artic cod,272362.6872,0.37076155,3.12,Actinopteri,NA,0.094809524,41.14519734,NA
Caranx ignobilis,16.43545901,Carangidae,14,13842500,habitat_reef,reef-associated,170,giant trevally,47191.5377,0.422004473,4.22,Actinopteri,LC,3.847786949,34.45279653,NA
Cheilinus undulatus,0.005807929,Labridae,20,7215000,habitat_reef,reef-associated,229,humphead wrasse,5398.268449,0.377461777,4.005625403,Actinopteri,EN,0.946143441,39.90905178,34.3
Diplodus sargus,0.253218308,Sparidae,2,2037500,habitat_reef,demersal,45,white seabream,9479,0.54,3.38,Actinopteri,LC,0.063723942,30.31937879,NA
Diplodus vulgaris,0.284249658,Sparidae,3,1907500,habitat_reef,benthopelagic,45,two-banded seabream,1123.212743,0.582831707,3.52,Actinopteri,LC,0.060874062,28.18450401,NA
Gadus morhua,0.202391526,Gadidae,9,4322500,migratory,benthopelagic,200,atlantic cod,1024823.823,0.368813682,4.09,Actinopteri,VU,0.373007352,84.57648848,120.25
Istiophorus platypterus,47529851.61,Istiophoridae,19,194122500,hms,pelagic-oceanic,348,indo-pacific sailfish,229747.1649,0.466166849,4.5,Actinopteri,LC,93476.21104,34.72534745,NA
Labrus bergylta,0.072237819,Labridae,2,872500,habitat_reef,reef-associated,65.90000153,ballan wrasse,832.7850932,0.2079384,3.2,Actinopteri,LC,0.051676105,38.77994444,NA
Lutjanus analis,0.190553387,Lutjanidae,1,2712500,habitat_reef,reef-associated,94,mutton snapper,158.9383908,0.374912566,3.91,Actinopteri,NT,0.10513861,30.14590003,31
Lutjanus campechanus,0.010896974,Lutjanidae,59,2282500,habitat_reef,reef-associated,100,red snapper,16964.4668,0.353869418,3.940238918,Actinopteri,VU,0.224004412,32.37267629,28
Sarpa salpa,0.020686774,Sparidae,4,1802500,habitat_reef,benthopelagic,51,salema,8456.209715,0.511305673,2,Actinopteri,LC,0.066310003,35.81546902,31.6
Semicossyphus pulcher,0.111954514,Labridae,38,222500,habitat_reef,reef-associated,91,california sheephead,27.00400648,0.707450578,3.603965566,Actinopteri,VU,0.017749019,31.74508875,47.46666667
Solea senegalensis,1.021555907,Soleidae,17,920000,habitat_benthic,demersal,60,senegalese sole,750.310577,0.140517811,3.314396846,Actinopteri,DD,0.04356116,59.2791669,NA
Ablennes hians,NA,Belonidae,NA,10402500,habitat_coastal,reef-associated,140,NA,38.09834531,0.580917618,4.482012652,Actinopteri,LC,0.136153315,29.97405829,NA
Acanthistius brasilianus,NA,Serranidae,NA,772500,habitat_benthic,benthopelagic,60,NA,43325.50972,0.392822614,4.024307256,Actinopteri,DD,0.08495624,53.1847708,NA
Acanthocybium solandri,NA,Scombridae,NA,193442500,pelagic,pelagic-oceanic,250,NA,23280.69491,0.522684226,4.26,Actinopteri,LC,26979.85289,42.09190101,NA
Acanthopagrus berda,NA,Sparidae,NA,6690000,habitat_coastal,demersal,90,NA,141.2034009,0.547748847,3.547920007,Actinopteri,LC,0.100096073,30.2054696,NA
Acanthopagrus bifasciatus,NA,Sparidae,NA,815000,habitat_reef,reef-associated,36.20000076,NA,1089.812244,0.48670769,3.445169816,Actinopteri,LC,0.0021762,24.71560293,NA
Acanthurus sohal,NA,Acanthuridae,NA,955000,habitat_reef,reef-associated,40,NA,202.6964938,0.530369312,2.146781041,Actinopteri,LC,0.021222514,35.44937462,NA
Acipenser transmontanus,NA,Acipenseridae,NA,350000,habitat_coastal,demersal,610,NA,3863.42155,0.08634626,3.25,Actinopteri,LC,0.914233201,51.78197897,NA
Aethaloperca rogaa,NA,Serranidae,NA,10922500,habitat_reef,reef-associated,60,NA,161.7523983,0.392822614,4.201784858,Actinopteri,LC,0.034744312,29.61158528,NA
Alepes djedaba,NA,Carangidae,NA,8030000,habitat_reef,reef-associated,40,NA,261.8920556,1.017167166,3.379783269,Actinopteri,LC,0.021430749,37.50322986,NA
Allocyttus niger,NA,Oreosomatidae,NA,2897500,habitat_deep,bathypelagic,47,NA,53915.20279,0.064718913,3.56660186,Actinopteri,NA,0.09562125,57.42709887,NA
Allothunnus fallai,NA,Scombridae,NA,48347500,pelagic,pelagic-oceanic,105,NA,451.3659255,0.596518223,3.7,Actinopteri,LC,1.006909146,30.69430762,NA
Alosa fallax,NA,Clupeidae,NA,2272500,migratory,pelagic-neritic,60,NA,40.65587962,0.806181057,4.03,Actinopteri,LC,0.045559756,35.56004388,NA
Alosa immaculata,NA,Clupeidae,NA,90000,migratory,pelagic-neritic,39,NA,984.1313685,0.989034626,3.98,Actinopteri,VU,0.007079126,36.54466663,NA
Alosa pseudoharengus,NA,Clupeidae,NA,887500,habitat_coastal,pelagic-neritic,40,NA,24511.5196,1.842742708,3.39,Actinopteri,LC,0.060781818,29.96572933,5.484285714
Alosa sapidissima,NA,Clupeidae,NA,690000,pelagic,pelagic-neritic,76,NA,4287.867606,1.012650669,3.48,Actinopteri,LC,0.109367407,31.1198105,8.916666667
Amblygaster sirm,NA,Clupeidae,NA,9910000,habitat_coastal,reef-associated,27,NA,71364.80881,1.416628191,2.978123494,Actinopteri,LC,0.001822796,46.50725303,NA
Ammodytes personatus,NA,Ammodytidae,NA,1835000,habitat_coastal,demersal,15,NA,2935070.704,0.344053886,3.1525,Actinopteri,NA,0.001542446,49.7468625,NA
Amphichthys cryptocentrus,NA,Batrachoididae,NA,972500,sedentary,reef-associated,40,NA,3263.489613,0.57223899,3.75,Actinopteri,LC,0.015967157,28.27429759,NA
Anarhichas denticulatus,NA,Anarhichadidae,NA,3635000,habitat_deep,benthopelagic,180,NA,25393.14083,0.100670808,4.052330035,Actinopteri,NA,0.184868608,45.41195355,NA
Anarhichas lupus,NA,Anarhichadidae,NA,1955000,habitat_coastal,demersal,150,NA,81375.50792,0.104945385,3.55,Actinopteri,NA,0.230165491,46.24625559,NA
Anchoa nasus,NA,Engraulidae,NA,865000,habitat_coastal,pelagic-neritic,17,NA,7225.316677,1.296884333,3.33,Actinopteri,LC,0.001187934,45.03604219,NA
Anodontostoma chacunda,NA,Clupeidae,NA,8597500,habitat_coastal,pelagic-neritic,22,NA,116060.5257,1.401207267,2.931418782,Actinopteri,LC,0.001600792,48.0516869,NA
Anoplopoma fimbria,NA,Anoplopomatidae,NA,2682500,deep,bathydemersal,120,NA,951557.8095,0.035406384,3.84,Actinopteri,NA,0.128925101,68.06949429,NA
Antimora rostrata,NA,Moridae,NA,222710000,deep,bathypelagic,75,NA,486.5318366,0.11723796,3.622647419,Actinopteri,LC,2737.878572,59.05118314,NA
Aphanopus carbo,NA,Trichiuridae,NA,2627500,deep,bathypelagic,151,NA,84676.53886,0.346089063,4.463330799,Actinopteri,NA,0.216494353,47.82132679,NA
Aphareus rutilans,NA,Lutjanidae,NA,9965000,habitat_reef,reef-associated,110,NA,1738.87445,0.312215755,4.11771652,Actinopteri,LC,0.073070087,39.02680102,NA
Aphia minuta,NA,Gobiidae,NA,2717500,habitat_coastal,pelagic-neritic,7.900000095,NA,40.81806963,1.70140334,3.174282949,Actinopteri,NA,0.001071937,36.33979585,NA
Aplodactylus punctatus,NA,Aplodactylidae,NA,240000,habitat_coastal,demersal,43.70000076,NA,41.96266255,0.630179269,2.04,Actinopteri,NA,0.008586296,36.22505093,NA
Aprion virescens,NA,Lutjanidae,NA,12892500,habitat_reef,reef-associated,112,NA,113.3144342,0.58848637,4.28,Actinopteri,LC,0.567199566,30.80563369,NA
Apsilus fuscus,NA,Lutjanidae,NA,512500,habitat_reef,demersal,75,NA,3.139397329,0.591196273,4.005625412,Actinopteri,LC,0.038019791,27.27816842,NA
Archosargus probatocephalus,NA,Sparidae,NA,2200000,habitat_reef,reef-associated,91,NA,6582.156033,0.609579594,3.575942787,Actinopteri,LC,0.162062845,29.87434992,NA
Arctoscopus japonicus,NA,Trichodontidae,NA,1677500,habitat_benthic,bathydemersal,30,NA,108251.2158,0.630179269,3.557260934,Actinopteri,NA,0.001561982,49.22814017,NA
Argentina silus,NA,Argentinidae,NA,2310000,pelagic,bathypelagic,70,NA,2785.434725,0.073400392,3.32,Actinopteri,NA,0.077461104,53.94832547,NA
Argentina sphyraena,NA,Argentinidae,NA,2555000,pelagic,bathydemersal,35,NA,5669.679004,0.227703191,3.49,Actinopteri,NA,0.002463457,33.27998698,NA
Argyrops spinifer,NA,Sparidae,NA,13112500,habitat_coastal,demersal,70,NA,11308.83887,0.494486133,4.49,Actinopteri,LC,0.81434561,32.64854032,NA
Argyrosomus hololepidotus,NA,Sciaenidae,NA,347500,habitat_coastal,demersal,200,NA,81983.30163,0.227953054,4.48,Actinopteri,EN,0.041690961,39.22667388,NA
Argyrosomus regius,NA,Sciaenidae,NA,1400000,migratory,benthopelagic,230,NA,35019.83379,0.149075294,4.285853196,Actinopteri,LC,0.281488856,50.3067819,NA
Arripis trutta,NA,Arripidae,NA,930000,habitat_coastal,pelagic-neritic,89,NA,45063.22021,0.285831282,4.07,Actinopteri,NA,0.107406858,41.8810772,NA
Atheresthes evermanni,NA,Pleuronectidae,NA,1745000,habitat_benthic,demersal,100,NA,47522.58494,0.172236506,4.3,Actinopteri,NA,0.049485957,54.73702402,NA
Atheresthes stomias,NA,Pleuronectidae,NA,1287500,habitat_benthic,demersal,84,NA,3356654.472,0.192836543,4.17,Actinopteri,NA,0.06903522,53.2907325,NA
Atherina boyeri,NA,Atherinidae,NA,1385000,habitat_coastal,demersal,20,NA,5070.648817,0.812586347,3.286374067,Actinopteri,LC,0.001358615,37.62859705,NA
Atractoscion aequidens,NA,Sciaenidae,NA,4040000,habitat_coastal,benthopelagic,130,NA,2288.230401,0.311853212,4.482012652,Actinopteri,VU,0.069540562,38.08580397,NA
Atractoscion nobilis,NA,Sciaenidae,NA,522500,habitat_coastal,demersal,166,NA,1870.644824,0.296616436,4.332557971,Actinopteri,LC,0.060499065,36.46230551,NA
Atrobucca nibe,NA,Sciaenidae,NA,9827500,habitat_coastal,demersal,45,NA,25016.42764,0.460821512,3.977602624,Actinopteri,NA,0.131831752,27.85452849,NA
Atule mate,NA,Carangidae,NA,11757500,habitat_reef,reef-associated,30,NA,1356.375346,1.254655656,4.22,Actinopteri,LC,0.00901695,43.36994665,NA
Austroglossus microlepis,NA,Soleidae,NA,307500,habitat_benthic,bathydemersal,75,NA,11375.11571,0.185580881,3.529238154,Actinopteri,DD,0.017644516,53.50886061,NA
Austroglossus pectoralis,NA,Soleidae,NA,172500,habitat_benthic,demersal,60,NA,9694.211567,0.267643426,4.042989109,Actinopteri,NA,0.010732274,53.00643939,NA
Auxis thazard,NA,Scombridae,NA,24452500,pelagic,pelagic-neritic,65,NA,1188784.853,0.704484871,4.37,Actinopteri,NA,0.94085586,23.71398908,10
Belone belone,NA,Belonidae,NA,2555000,pelagic,pelagic-oceanic,104,NA,26192.69803,0.478994871,4.16,Actinopteri,LC,0.168957285,28.82918244,NA
Beryx decadactylus,NA,Berycidae,NA,19952500,habitat_deep,bathydemersal,100,NA,10665.2007,0.158706812,4.136398373,Actinopteri,LC,0.725687529,36.48172493,NA
Beryx splendens,NA,Berycidae,NA,17805000,habitat_deep,benthopelagic,70,NA,11085.67752,0.241932168,4.27,Actinopteri,LC,0.731922506,35.84925657,NA
Bolbometopon muricatum,NA,Scaridae,NA,10460000,habitat_reef,reef-associated,130,NA,921.481753,0.236827261,2.772623112,Actinopteri,VU,0.144313172,37.50414119,31
Boops boops,NA,Sparidae,NA,2757500,pelagic,demersal,40,NA,289938.8997,0.47071232,2.79,Actinopteri,LC,0.090042931,35.70276038,16.8
Bothus pantherinus,NA,Bothidae,NA,9750000,habitat_benthic,reef-associated,39,NA,223.1836131,0.785631156,3.547920007,Actinopteri,LC,0.025279807,47.33313183,NA
Brachydeuterus auritus,NA,Haemulidae,NA,650000,habitat_coastal,benthopelagic,30,NA,70828.46313,0.674190072,3.108896464,Actinopteri,NT,0.00144138,37.21221915,NA
Brama brama,NA,Bramidae,NA,140227500,migratory,pelagic-neritic,100,NA,70090.69367,0.25373223,4.089693741,Actinopteri,LC,3778.076453,46.54465969,NA
Bregmaceros mcclellandi,NA,Bregmacerotidae,NA,62220000,pelagic,pelagic-oceanic,9.600000381,NA,24255.36307,0.389520618,3.361101478,Actinopteri,NA,0.015678822,36.11200266,NA
Brevoortia aurea,NA,Clupeidae,NA,317500,habitat_coastal,pelagic-neritic,34.40000153,NA,7670.443707,0.938769682,2.847350524,Actinopteri,LC,8.59E-04,37.07042123,NA
Brevoortia patronus,NA,Clupeidae,NA,485000,habitat_coastal,pelagic-neritic,35,NA,977143.8443,0.843108206,2.324258643,Actinopteri,LC,0.002239816,44.82612408,NA
Brevoortia tyrannus,NA,Clupeidae,NA,335000,migratory,pelagic-neritic,50,NA,762986.4651,0.724306854,3.23,Actinopteri,LC,0.025415266,41.24702549,NA
Brosme brosme,NA,Lotidae,NA,2245000,habitat_benthic,demersal,120,NA,449997.8369,0.105232173,3.9,Actinopteri,NA,0.123028549,59.60763704,NA
Brotula barbata,NA,Ophidiidae,NA,3760000,habitat_benthic,reef-associated,94,NA,22829.30435,0.276427346,3.67,Actinopteri,LC,0.210266421,56.0101106,NA
Callorhinchus callorynchus,NA,Callorhinchidae,NA,1385000,habitat_benthic,demersal,89.19999695,NA,61930.47979,0.166717262,3.35,Holocephali,LC,0.13150113,57.62422483,NA
Callorhinchus milii,NA,Callorhinchidae,NA,1070000,habitat_benthic,demersal,125,NA,69198.59537,0.114485214,3.641329272,Holocephali,LC,0.145321879,59.35720145,NA
Caprodon longimanus,NA,Serranidae,NA,1067500,habitat_reef,reef-associated,55,NA,18.2779701,0.392822614,3.940238918,Actinopteri,LC,0.045114096,29.12652478,NA
Capros aper,NA,Caproidae,NA,2592500,habitat_reef,demersal,30,NA,770203.4273,0.435056667,3.14,Actinopteri,LC,0.001478731,36.87311052,NA
Carangoides bajad,NA,Carangidae,NA,5572500,habitat_reef,reef-associated,55,NA,7411.747198,0.975847099,3.98694355,Actinopteri,LC,0.070827806,34.93098508,NA
Carangoides fulvoguttatus,NA,Carangidae,NA,13272500,habitat_reef,reef-associated,120,NA,221.7473477,1.009870027,4.43,Actinopteri,LC,0.685233211,35.28789753,NA
Carangoides malabaricus,NA,Carangidae,NA,11795000,habitat_reef,reef-associated,60,NA,457.2905183,1.1685438,3.921557065,Actinopteri,LC,0.384029976,38.80246646,NA
Caranx hippos,NA,Carangidae,NA,5142500,habitat_reef,reef-associated,124,NA,22718.78796,0.871413741,3.56,Actinopteri,LC,0.339587198,38.60888143,NA
Caranx melampygus,NA,Carangidae,NA,13410000,habitat_reef,reef-associated,117,NA,47.64517442,0.562323474,4.49,Actinopteri,LC,0.688986974,33.47007267,57.6
Caranx rhonchus,NA,Carangidae,NA,1315000,habitat_coastal,benthopelagic,60,NA,10792.92494,0.643120381,3.641329272,Actinopteri,LC,0.092271147,29.30189107,NA
Caranx ruber,NA,Carangidae,NA,2530000,habitat_reef,reef-associated,73,NA,95.90817563,0.824246729,4.28,Actinopteri,LC,0.034874553,33.87296213,NA
Caranx sexfasciatus,NA,Carangidae,NA,11302500,habitat_reef,reef-associated,120,NA,273.4482874,0.730946249,4.5,Actinopteri,LC,0.799246019,36.13384517,NA
Centriscops humerosus,NA,Centriscidae,NA,2030000,habitat_benthic,bathydemersal,30,NA,171.3204948,0.865629066,3.613306492,Actinopteri,LC,9.53E-04,47.22374124,NA
Centroberyx affinis,NA,Berycidae,NA,777500,habitat_coastal,benthopelagic,51,NA,27515.24399,0.322306719,3.837488727,Actinopteri,NA,0.072492851,41.48521628,NA
Cephalopholis fulva,NA,Serranidae,NA,2405000,habitat_reef,reef-associated,44,NA,168.6480031,0.434585638,4.05,Actinopteri,LC,0.030774825,29.5301771,NA
Cepola macrophthalma,NA,Cepolidae,NA,2435000,sedentary,demersal,80,NA,468.7347157,0.662762944,3.202305836,Actinopteri,LC,0.059302517,30.03202916,NA
Cetengraulis edentulus,NA,Engraulidae,NA,1587500,habitat_coastal,pelagic-neritic,18.20000076,NA,7724.578696,0.508114702,2.249531231,Actinopteri,LC,0.001197556,37.50913109,NA
Cetengraulis mysticetus,NA,Engraulidae,NA,595000,habitat_coastal,pelagic-neritic,22,NA,1118371.615,0.827513259,2.58580461,Actinopteri,LC,0.001218491,45.79107146,NA
Champsocephalus gunnari,NA,Channichthyidae,NA,492500,habitat_coastal,benthopelagic,66,NA,19590.15602,0.302585645,3.23,Actinopteri,NA,0.095502917,48.51977912,NA
Channichthys rhinoceratus,NA,Channichthyidae,NA,250000,habitat_coastal,demersal,60,NA,856.1592368,0.239394719,3.314396846,Actinopteri,NA,0.011852298,39.05415207,NA
Chanos chanos,NA,Chanidae,NA,11060000,habitat_reef,benthopelagic,180,NA,23425.16314,0.566145214,2.520418187,Actinopteri,LC,0.827026043,38.97090782,40.282
Cheilodactylus variegatus,NA,Cheilodactylidae,NA,160000,habitat_coastal,benthopelagic,44,NA,8316.033841,0.331364212,3.65,Actinopteri,NA,0.013026641,40.84457263,NA
Cheimerius nufar,NA,Sparidae,NA,3720000,habitat_reef,reef-associated,75,NA,141.3624149,0.437994781,3.54,Actinopteri,DD,0.102082901,28.88851432,NA
Chelidonichthys capensis,NA,Triglidae,NA,515000,habitat_benthic,demersal,75,NA,8389.892709,0.277318922,4.1,Actinopteri,LC,0.036910067,53.19176116,NA
Chelidonichthys cuculus,NA,Triglidae,NA,3207500,habitat_benthic,demersal,70,NA,32190.66906,0.230982835,3.81,Actinopteri,LC,0.162034448,57.93136145,NA
Chelidonichthys kumu,NA,Triglidae,NA,4697500,habitat_benthic,demersal,60,NA,66428.5313,0.230796914,3.716056683,Actinopteri,LC,0.122397512,57.77286793,NA
Chelidonichthys lucerna,NA,Triglidae,NA,2402500,habitat_benthic,demersal,75.09999847,NA,31757.21311,0.345644436,3.98,Actinopteri,LC,0.220304549,54.00302255,NA
Chimaera monstrosa,NA,Chimaeridae,NA,2207500,deep,bathydemersal,150,NA,294.9495138,0.115992732,3.52,Holocephali,NT,0.116767061,52.89138362,NA
Chirocentrus dorab,NA,Chirocentridae,NA,10000000,habitat_coastal,reef-associated,100,NA,53429.31708,0.401375297,4.388603387,Actinopteri,LC,0.141761616,35.21226082,NA
Chirocentrus nudus,NA,Chirocentridae,NA,9657500,habitat_coastal,pelagic-neritic,100,NA,75935.1946,0.269567229,4.192443932,Actinopteri,LC,0.137472148,37.4266868,NA
Chloroscombrus chrysurus,NA,Carangidae,NA,4080000,habitat_coastal,pelagic-neritic,65,NA,60228.06537,0.817300368,3.54,Actinopteri,LC,0.256511404,38.66406344,NA
Chloroscombrus orqueta,NA,Carangidae,NA,775000,habitat_coastal,benthopelagic,30,NA,6174.469341,0.883662012,2.54,Actinopteri,LC,0.001072729,38.25038007,NA
Cilus gilberti,NA,Sciaenidae,NA,285000,habitat_benthic,demersal,92,NA,39818.27394,0.624615121,3.940238918,Actinopteri,DD,0.040824384,51.94828681,NA
Clupea harengus,NA,Clupeidae,NA,3810000,migratory,benthopelagic,45,NA,829839.7885,0.216471005,3.38,Actinopteri,LC,0.096483124,46.27912602,160
Clupeonella cultriventris,NA,Clupeidae,NA,270000,migratory,pelagic-neritic,14.5,NA,126214.606,0.907898346,3,Actinopteri,LC,7.68E-04,43.87484523,NA
Coelorinchus chilensis,NA,Macrouridae,NA,287500,habitat_deep,bathydemersal,48,NA,1276.456542,0.207374079,3.853333333,Actinopteri,NA,0.009719981,37.16045566,NA
Cololabis saira,NA,Scomberesocidae,NA,10187500,pelagic,pelagic-oceanic,40,NA,1327967.399,0.461247094,3.744079463,Actinopteri,NA,0.060688327,35.69808569,NA
Conger myriaster,NA,Congridae,NA,1475000,habitat_benthic,bathydemersal,100,NA,265480.4857,0.269522379,3.996284477,Actinopteri,LC,0.166050349,54.65276422,NA
Conger oceanicus,NA,Congridae,NA,1605000,territorial,demersal,230,NA,485.7036385,0.269522379,4.5,Actinopteri,LC,0.173797226,44.29930265,NA
Conger orbignianus,NA,Congridae,NA,515000,habitat_benthic,demersal,112,NA,3468.19438,0.269522379,3.753420389,Actinopteri,LC,0.065791727,52.69232653,NA
Conodon nobilis,NA,Haemulidae,NA,2602500,habitat_benthic,demersal,33.59999847,NA,8375.276066,0.654886592,3.61,Actinopteri,LC,0.001376413,43.36681866,NA
Coregonus albula,NA,Salmonidae,NA,32500,migratory,benthopelagic,48,NA,20850.23819,0.420787903,3.13691919,Actinopteri,LC,0.024637034,32.42940829,28
Coregonus lavaretus,NA,Salmonidae,NA,1395000,habitat_coastal,demersal,73,NA,18551.55656,0.390523349,3.13,Actinopteri,VU,0.202659846,35.11379855,19
Coryphaena hippurus,NA,Coryphaenidae,NA,197602500,hms,pelagic-neritic,210,NA,293986.8201,0.795560345,4.37,Actinopteri,LC,8702.014652,35.59758648,NA
Coryphaenoides rupestris,NA,Macrouridae,NA,2527500,habitat_deep,bathypelagic,110,NA,511478.7341,0.071986899,3.69737483,Actinopteri,CR,0.126818925,60.92466675,NA
Cottoperca gobio,NA,Bovichtidae,NA,665000,territorial,demersal,80,NA,35.33597676,0.630179269,4.257830417,Actinopteri,NA,0.01724786,23.51767136,NA
Crenidens crenidens,NA,Sparidae,NA,1897500,habitat_coastal,demersal,30,NA,22.55929735,0.518987796,2.894055156,Actinopteri,LC,9.50E-04,31.78400825,NA
Cromileptes altivelis,NA,Serranidae,NA,7332500,habitat_reef,reef-associated,70,NA,191382.417,0.151702421,4.482012652,Actinopteri,DD,0.057130228,31.91522788,24
Ctenolabrus rupestris,NA,Labridae,NA,1272500,habitat_reef,reef-associated,18,NA,2070.185701,0.491971324,3.58,Actinopteri,LC,0.001042471,26.5035929,20.9
Cyclopterus lumpus,NA,Cyclopteridae,NA,4235000,migratory,benthopelagic,61,NA,195061.7514,0.14428799,3.89,Actinopteri,NA,0.109753013,48.06082106,NA
Cymatoceps nasutus,NA,Sparidae,NA,135000,habitat_coastal,demersal,150,NA,107.9575144,0.189296689,3.603965566,Actinopteri,VU,0.025958895,37.92367488,NA
Cynoponticus coniceps,NA,Muraenesocidae,NA,565000,sedentary,demersal,202,NA,41.31668095,0.409229387,4.042989109,Actinopteri,DD,0.071526548,46.82208228,NA
Cynoscion acoupa,NA,Sciaenidae,NA,1062500,habitat_coastal,demersal,110,NA,78789.14733,0.392131823,4.061670962,Actinopteri,LC,0.172468492,39.25505889,NA
Cynoscion analis,NA,Sciaenidae,NA,12500,habitat_coastal,demersal,47,NA,24108.18213,0.551630808,4.06,Actinopteri,LC,0.015624901,28.53682016,NA
Cynoscion arenarius,NA,Sciaenidae,NA,737500,habitat_coastal,demersal,63.5,NA,1093.045778,0.789800407,4.17,Actinopteri,LC,0.046417554,32.64518757,NA
Cynoscion guatucupa,NA,Sciaenidae,NA,497500,habitat_coastal,benthopelagic,50,NA,12600.54722,0.546839108,3.753420389,Actinopteri,NA,0.052651213,30.35473389,NA
Cynoscion jamaicensis,NA,Sciaenidae,NA,1850000,habitat_coastal,demersal,50,NA,16743.59145,0.661378058,3.865511506,Actinopteri,LC,0.119455734,30.44268028,NA
Cynoscion leiarchus,NA,Sciaenidae,NA,1052500,habitat_coastal,demersal,90.80000305,NA,3205.040971,0.646582686,3.136919244,Actinopteri,LC,0.14660248,33.51338781,NA
Cynoscion nebulosus,NA,Sciaenidae,NA,557500,habitat_coastal,demersal,100,NA,23214.89583,0.436633792,3.996284477,Actinopteri,LC,0.1474311,27.46066944,19.5
Cynoscion regalis,NA,Sciaenidae,NA,320000,habitat_coastal,demersal,98,NA,39327.35894,0.331251585,3.77,Actinopteri,NA,0.040609059,42.76776977,NA
Cynoscion striatus,NA,Sciaenidae,NA,580000,habitat_reef,demersal,60,NA,93747.47506,0.561883634,3.9,Actinopteri,NA,0.077897049,31.02239478,NA
Cynoscion virescens,NA,Sciaenidae,NA,722500,habitat_coastal,demersal,115,NA,1443.494614,0.561883634,4.042989109,Actinopteri,LC,0.084426331,32.10552193,NA
Cyttus traversi,NA,Cyttidae,NA,1740000,habitat_deep,bathydemersal,54,NA,2574.854885,0.43137965,3.949579844,Actinopteri,NA,0.07086186,26.75713384,NA
Dactylopterus volitans,NA,Dactylopteridae,NA,5692500,habitat_coastal,reef-associated,50,NA,6.205821294,0.6387551,3.65,Actinopteri,LC,0.050323348,27.95528417,24
Decapterus macrosoma,NA,Carangidae,NA,14297500,pelagic,reef-associated,35,NA,3202.233997,1.339773422,3.454510743,Actinopteri,LC,0.022405888,40.87498319,NA
Decapterus maruadsi,NA,Carangidae,NA,9375000,pelagic,reef-associated,30,NA,146120.1126,1.47971252,3.454510743,Actinopteri,LC,0.001937703,36.31229102,NA
Decapterus russelli,NA,Carangidae,NA,11902500,pelagic,benthopelagic,45,NA,363773.9984,1.232939226,3.68,Actinopteri,LC,0.949353667,43.66195445,NA
Dentex angolensis,NA,Sparidae,NA,622500,habitat_coastal,demersal,37,NA,6022.049797,0.458551505,3.56660186,Actinopteri,NT,0.013737423,25.02172051,NA
Dentex congoensis,NA,Sparidae,NA,485000,habitat_coastal,demersal,50,NA,910.517836,0.553307118,3.744079463,Actinopteri,LC,0.038596121,27.97260903,NA
Dentex dentex,NA,Sparidae,NA,1307500,habitat_reef,benthopelagic,100,NA,13138.0328,0.29493487,4.53,Actinopteri,VU,0.063610958,39.27309615,NA
Dentex macrophthalmus,NA,Sparidae,NA,2190000,habitat_coastal,benthopelagic,65,NA,4134.759615,0.459706531,3.501215375,Actinopteri,LC,0.144694047,28.14887897,NA
Diagramma pictum,NA,Haemulidae,NA,11305000,habitat_reef,reef-associated,100,NA,13.09966939,0.515127504,3.7,Actinopteri,NA,0.812382928,30.56637522,NA
Diapterus auratus,NA,Gerreidae,NA,2477500,habitat_coastal,demersal,42.79999924,NA,1378.245233,1.366610205,2.44,Actinopteri,LC,0.075544822,46.75275281,NA
Diastobranchus capensis,NA,Synaphobranchidae,NA,3097500,habitat_deep,bathydemersal,180,NA,2.752697054,0.367639439,4.482012652,Actinopteri,NA,0.113908135,34.13703664,NA
Dicentrarchus punctatus,NA,Moronidae,NA,1585000,habitat_coastal,pelagic-neritic,70,NA,1535.080603,0.492643838,3.958920771,Actinopteri,LC,0.103101076,26.6434582,NA
Dicologlossa cuneata,NA,Soleidae,NA,1607500,habitat_benthic,demersal,30,NA,33465.21927,0.218533515,3.379783331,Actinopteri,LC,0.001427241,56.34244405,NA
Diplodus annularis,NA,Sparidae,NA,1425000,habitat_coastal,benthopelagic,27.5,NA,3757.532876,0.781098688,3.64,Actinopteri,LC,0.001227445,35.82613324,NA
Dissostichus eleginoides,NA,Nototheniidae,NA,6025000,deep,pelagic-oceanic,215,NA,111783.5265,0.107371089,4.49,Actinopteri,NA,0.109583843,56.50242511,NA
Dissostichus mawsoni,NA,Nototheniidae,NA,12715000,deep,pelagic-oceanic,200,NA,59525.89268,0.104337688,3.958920771,Actinopteri,NA,2.452571814,58.94284732,547
Drepane africana,NA,Drepaneidae,NA,545000,habitat_coastal,benthopelagic,45,NA,20718.22779,0.477805346,3.174282949,Actinopteri,LC,0.07327785,30.33113058,NA
Drepane punctata,NA,Drepaneidae,NA,9855000,habitat_coastal,reef-associated,50,NA,12343.76467,0.537312901,3.379783331,Actinopteri,NA,0.100734508,29.92457393,NA
Dussumieria acuta,NA,Dussumieriidae,NA,3960000,habitat_coastal,pelagic-neritic,20,NA,166890.2184,0.8976476,3.454510743,Actinopteri,LC,0.002191427,36.95358062,NA
Dussumieria elopsoides,NA,Dussumieriidae,NA,9642500,habitat_coastal,pelagic-neritic,20,NA,749.7783262,0.787176662,3.454510743,Actinopteri,LC,0.001235692,36.30987032,NA
Elagatis bipinnulata,NA,Carangidae,NA,15267500,pelagic,reef-associated,180,NA,55659.46335,0.893428233,4.27,Actinopteri,LC,3.224414639,37.63538674,NA
Eleginus gracilis,NA,Gadidae,NA,3077500,habitat_coastal,demersal,55,NA,285654.0008,0.307311992,4.1,Actinopteri,NA,0.083778582,42.74830866,NA
Eleginus nawaga,NA,Gadidae,NA,195000,habitat_coastal,demersal,42,NA,17168.72556,0.379867916,4.239148564,Actinopteri,NA,0.013979176,32.41993121,NA
Eleutheronema tetradactylum,NA,Polynemidae,NA,8010000,habitat_coastal,pelagic-neritic,200,NA,41062.71573,0.643974845,4.06,Actinopteri,NA,0.404722202,42.370226,NA
Elops lacerta,NA,Elopidae,NA,542500,habitat_coastal,pelagic-neritic,100,NA,10312.44854,0.593623907,4.239148564,Actinopteri,LC,0.067539434,28.98779649,NA
Elops saurus,NA,Elopidae,NA,7810000,habitat_coastal,reef-associated,100,NA,2233.495287,0.57364079,3.49,Actinopteri,LC,0.131332763,32.02430763,NA
Encrasicholina punctifer,NA,Engraulidae,NA,8592500,pelagic,reef-associated,13,NA,1435.9987,1.630046044,3.29,Actinopteri,LC,0.001318448,38.82104396,NA
Engraulis anchoita,NA,Engraulidae,NA,967500,migratory,pelagic-neritic,17,NA,1175644.452,0.639382033,2.623168289,Actinopteri,NT,0.001464965,48.42733423,NA
Engraulis encrasicolus,NA,Engraulidae,NA,3817500,migratory,pelagic-neritic,20,NA,222703.8889,0.556514588,3.192964802,Actinopteri,LC,0.002162221,39.352493,37
Engraulis japonicus,NA,Engraulidae,NA,760000,pelagic,pelagic-neritic,18,NA,1215063.273,0.795607578,3.14,Actinopteri,LC,0.001331584,47.47253833,47
Engraulis mordax,NA,Engraulidae,NA,360000,pelagic,pelagic-neritic,24.79999924,NA,424727.4555,0.452423043,3.174282949,Actinopteri,LC,0.001074256,35.53136196,32.5
Engraulis ringens,NA,Engraulidae,NA,470000,pelagic,pelagic-neritic,20,NA,6557901.089,0.648902669,2.950100617,Actinopteri,LC,0.001343759,61.71822154,74
Eopsetta jordani,NA,Pleuronectidae,NA,1140000,habitat_benthic,demersal,53,NA,46749.37249,0.112547735,4.108375594,Actinopteri,LC,0.046592669,64.39376202,NA
Epigonus telescopus,NA,Epigonidae,NA,8827500,habitat_deep,bathydemersal,75,NA,13691.58919,0.097286004,3.59,Actinopteri,LC,0.102312725,50.41641654,NA
Epinephelus aeneus,NA,Serranidae,NA,1792500,migratory,demersal,120,NA,5733.711363,0.173225323,4.033648182,Actinopteri,NT,0.076846126,50.45733321,NA
Epinephelus areolatus,NA,Serranidae,NA,12137500,habitat_coastal,reef-associated,47,NA,5778.412723,0.322549477,3.74,Actinopteri,LC,0.626355759,39.74889187,18
Epinephelus chlorostigma,NA,Serranidae,NA,13235000,habitat_coastal,reef-associated,80,NA,363.1224699,0.314979131,4.005625403,Actinopteri,LC,0.736790143,39.15809811,NA
Epinephelus fuscoguttatus,NA,Serranidae,NA,9805000,habitat_reef,reef-associated,120,NA,144.5838132,0.269601411,4.1457393,Actinopteri,VU,0.058451911,33.8602726,NA
Epinephelus goreensis,NA,Serranidae,NA,562500,habitat_benthic,demersal,140,NA,641.958191,0.286760108,3.958920771,Actinopteri,NT,0.120769627,49.41437008,NA
Epinephelus merra,NA,Serranidae,NA,9600000,habitat_reef,reef-associated,32,NA,15891.93816,0.431465308,3.82,Actinopteri,LC,0.001626583,29.92500375,34.3
Epinephelus morrhua,NA,Serranidae,NA,9242500,habitat_reef,reef-associated,90,NA,204.5017043,0.270980627,3.98694355,Actinopteri,LC,0.073610877,34.67757053,NA
Epinephelus multinotatus,NA,Serranidae,NA,615000,habitat_reef,reef-associated,100,NA,3257.873463,0.272952283,3.884193359,Actinopteri,LC,0.063490668,37.34714184,NA
Epinephelus polylepis,NA,Serranidae,NA,1007500,habitat_benthic,demersal,61,NA,2055.955937,0.281408755,3.89,Actinopteri,LC,0.052039237,52.87685851,NA
Epinephelus summana,NA,Serranidae,NA,345000,habitat_reef,reef-associated,52,NA,154.7495583,0.286760108,3.89,Actinopteri,LC,0.007979273,39.78773094,NA
Eptatretus cirrhatus,NA,Myxinidae,NA,1312500,habitat_benthic,bathydemersal,97,NA,1765.180643,0.14925158,4.949058974,Myxini,LC,0.035567459,52.79401611,NA
Ethmalosa fimbriata,NA,Clupeidae,NA,467500,habitat_coastal,pelagic-neritic,46,NA,391365.8495,0.690830323,2.576463693,Actinopteri,LC,0.070640265,38.78619663,NA
Ethmidium maculatum,NA,Clupeidae,NA,310000,habitat_coastal,pelagic-neritic,31.20000076,NA,32220.37839,1.165208538,2.07,Actinopteri,DD,7.62E-04,42.46396412,NA
Etrumeus whiteheadi,NA,Dussumieriidae,NA,227500,habitat_coastal,pelagic-neritic,22,NA,402624.5557,0.423849558,3.454510743,Actinopteri,LC,8.02E-04,33.69506383,NA
Euthynnus affinis,NA,Scombridae,NA,14720000,pelagic,pelagic-neritic,100,NA,2460508.938,0.630833414,4.5,Actinopteri,LC,1.448427163,32.98945594,NA
Euthynnus alletteratus,NA,Scombridae,NA,5647500,hms,pelagic-oceanic,122,NA,115033.1049,0.330255295,4.49,Actinopteri,LC,0.123415413,30.59830953,24
Euthynnus lineatus,NA,Scombridae,NA,477500,pelagic,pelagic-oceanic,84,NA,15997.52595,0.516132309,3.856170509,Actinopteri,LC,0.101288135,27.18352132,NA
Eutrigla gurnardus,NA,Triglidae,NA,2227500,habitat_benthic,demersal,60,NA,147714.1468,0.181531455,3.87,Actinopteri,NA,0.086716115,55.31665192,NA
Fistularia corneta,NA,Fistulariidae,NA,792500,habitat_reef,pelagic-neritic,106,NA,2562.317579,0.858533703,4.482012652,Actinopteri,LC,0.052681798,35.14450956,NA
Gadiculus argenteus,NA,Gadidae,NA,1740000,habitat_deep,pelagic-oceanic,15.25,NA,159.7449863,0.917086686,3.6,Actinopteri,NA,9.61E-04,37.48686894,NA
Gadus macrocephalus,NA,Gadidae,NA,2920000,habitat_deep,demersal,119,NA,1100617.358,0.254822292,3.97,Actinopteri,NA,0.198614527,47.69530642,NA
Galeoides decadactylus,NA,Polynemidae,NA,197500,habitat_coastal,demersal,50,NA,44470.1575,0.509571815,3.613306492,Actinopteri,NT,0.022949586,35.51666297,NA
Gasterochisma melampus,NA,Scombridae,NA,63335000,deep,pelagic-oceanic,164,NA,20.80741126,0.596518223,4.341898755,Actinopteri,LC,1.220529296,41.02734204,NA
Gasterosteus aculeatus,NA,Gasterosteidae,NA,6017500,habitat_coastal,benthopelagic,11,NA,579.8245284,0.997632856,3.31,Actinopteri,LC,0.001045985,37.26381718,35
Genyonemus lineatus,NA,Sciaenidae,NA,135000,habitat_benthic,benthopelagic,41,NA,822.3303962,0.624615121,3.482533522,Actinopteri,NT,0.010283854,41.59549948,NA
Genypterus blacodes,NA,Ophidiidae,NA,2330000,habitat_benthic,bathydemersal,200,NA,209832.9261,0.130878043,4.183103005,Actinopteri,NA,0.180135388,56.68640933,NA
Genypterus capensis,NA,Ophidiidae,NA,127500,habitat_benthic,bathydemersal,180,NA,24613.76694,0.18214067,4.425967093,Actinopteri,NA,0.029150432,49.36957741,NA
Genypterus chilensis,NA,Ophidiidae,NA,125000,habitat_benthic,bathydemersal,150,NA,22836.35898,0.203416315,3.940238918,Actinopteri,NA,0.04808218,49.28743459,NA
Gerres nigri,NA,Gerreidae,NA,572500,habitat_benthic,benthopelagic,20,NA,1825.975119,1.495810086,3.258351287,Actinopteri,LC,9.84E-04,51.94826106,NA
Gerres oblongus,NA,Gerreidae,NA,9027500,habitat_reef,reef-associated,30,NA,14.31732558,1.495810086,3.547920007,Actinopteri,LC,9.54E-04,35.72425066,NA
Gerres oyena,NA,Gerreidae,NA,8420000,habitat_coastal,reef-associated,30,NA,563.1579604,1.594337758,2.819327745,Actinopteri,LC,0.00101033,36.669512,NA
Glossanodon semifasciatus,NA,Argentinidae,NA,532500,pelagic,benthopelagic,21,NA,67613.97225,0.518660964,3.211646655,Actinopteri,NA,0.001346522,36.50574414,NA
Glyptocephalus cynoglossus,NA,Pleuronectidae,NA,3570000,habitat_benthic,demersal,60,NA,64040.31605,0.149820154,3.17,Actinopteri,NA,0.097396206,62.06826834,NA
Glyptocephalus zachirus,NA,Pleuronectidae,NA,1320000,habitat_benthic,demersal,60,NA,23361.49095,0.186545885,3.25,Actinopteri,NA,0.079167308,58.77544029,NA
Gnathanodon speciosus,NA,Carangidae,NA,13205000,habitat_reef,reef-associated,120,NA,5597.438488,0.706049385,3.865511506,Actinopteri,LC,1.386235922,33.8977854,NA
Grammoplites suppositus,NA,Platycephalidae,NA,1385000,habitat_benthic,demersal,31,NA,144.2168111,0.42142105,3.84,Actinopteri,LC,9.65E-04,43.21965804,NA
Gymnosarda unicolor,NA,Scombridae,NA,12880000,pelagic,reef-associated,247.9799957,NA,2718.783662,0.596518223,4.482012652,Actinopteri,LC,5.482723418,41.03592716,NA
Haemulon plumierii,NA,Haemulidae,NA,2540000,habitat_reef,reef-associated,53,NA,431.5592646,0.578655171,3.82,Actinopteri,LC,0.048230487,26.61130503,22.6
Harpadon nehereus,NA,Synodontidae,NA,7832500,habitat_benthic,benthopelagic,40,NA,1686496.541,0.452219992,4.089693741,Actinopteri,NA,0.032421752,51.20201578,NA
Helicolenus dactylopterus,NA,Sebastidae,NA,11510000,habitat_benthic,bathydemersal,50,NA,118996.2652,0.149321292,3.54,Actinopteri,LC,0.673575357,57.44783432,NA
Hemiramphus balao,NA,Hemiramphidae,NA,2820000,pelagic,reef-associated,40,NA,65.16240182,0.889101666,3.85,Actinopteri,LC,0.029356452,37.8945997,NA
Hemiramphus brasiliensis,NA,Hemiramphidae,NA,2202500,habitat_coastal,reef-associated,55,NA,6751.508337,0.747224435,2.28,Actinopteri,LC,0.103646232,40.22049642,NA
Herklotsichthys quadrimaculatus,NA,Clupeidae,NA,9417500,habitat_coastal,reef-associated,25,NA,44.00455196,1.740456307,3.57,Actinopteri,LC,9.66E-04,33.65402706,NA
Hexagrammos decagrammus,NA,Hexagrammidae,NA,1112500,habitat_reef,demersal,61,NA,481.1467603,0.340852342,3.631988265,Actinopteri,NA,0.042795157,39.62274173,NA
Hilsa kelee,NA,Clupeidae,NA,6355000,habitat_coastal,pelagic-neritic,35,NA,59083.71456,1.080199315,2.940759788,Actinopteri,NA,0.003755579,40.4717982,NA
Hippoglossoides elassodon,NA,Pleuronectidae,NA,277500,habitat_benthic,demersal,52,NA,2483813.465,0.179774811,3.67,Actinopteri,NA,0.017539366,56.82021065,NA
Hippoglossoides platessoides,NA,Pleuronectidae,NA,4190000,habitat_benthic,demersal,82.59999847,NA,139541.673,0.145000355,4.08,Actinopteri,NA,0.080829519,55.71152256,NA
Hippoglossus hippoglossus,NA,Pleuronectidae,NA,5017500,habitat_benthic,demersal,470,NA,73314.44159,0.11850261,4,Actinopteri,EN,3.728203994,59.32174966,NA
Hoplopagrus guentherii,NA,Lutjanidae,NA,632500,habitat_reef,reef-associated,92,NA,273.0618526,0.502875077,3.8,Actinopteri,LC,0.054398037,29.07151497,21.5
Hoplostethus atlanticus,NA,Trachichthyidae,NA,9397500,sedentary,bathypelagic,75,NA,24191.11097,0.161165492,4.25,Actinopteri,NA,0.036925319,30.56520458,NA
Hydrolagus novaezealandiae,NA,Chimaeridae,NA,645000,deep,bathydemersal,96,NA,74948.21149,0.191783416,3.56660186,Holocephali,LC,0.094487139,56.03656827,NA
Hyperoglyphe antarctica,NA,Centrolophidae,NA,2662500,habitat_reef,benthopelagic,140,NA,13510.43523,0.180500329,3.968261697,Actinopteri,NA,0.2555104,36.61847434,NA
Hyporthodus flavolimbatus,NA,Serranidae,NA,2205000,habitat_benthic,demersal,115,NA,8566.79922,0.175094567,3.846829653,Actinopteri,VU,0.092328082,52.37878845,NA
Hyporthodus mystacinus,NA,Serranidae,NA,1890000,habitat_deep,bathydemersal,160,NA,30.08361961,0.192928912,4.58,Actinopteri,LC,0.061147269,35.19541513,NA
Hyporthodus nigritus,NA,Serranidae,NA,2572500,habitat_reef,demersal,230,NA,245.8566514,0.138991562,3.98694355,Actinopteri,NT,0.375871901,44.74152938,NA
Hyporthodus niveatus,NA,Serranidae,NA,2735000,habitat_reef,demersal,122,NA,4588.700079,0.165514413,4.052330035,Actinopteri,VU,0.056784227,39.1337546,NA
Ilisha africana,NA,Pristigasteridae,NA,425000,habitat_coastal,pelagic-neritic,30,NA,77979.82003,1.109770194,3.59,Actinopteri,LC,0.001200015,38.82053923,NA
Ilisha elongata,NA,Pristigasteridae,NA,2587500,habitat_coastal,pelagic-neritic,60,NA,596680.1311,0.97400234,3.818806874,Actinopteri,LC,0.121962344,44.05391664,NA
Isacia conceptionis,NA,Haemulidae,NA,300000,habitat_coastal,benthopelagic,60,NA,12174.16282,0.654886592,2.996805347,Actinopteri,LC,0.019158658,33.31690836,NA
Isopisthus parvipinnis,NA,Sciaenidae,NA,742500,habitat_coastal,demersal,41.5,NA,217.5803874,0.624615121,4.04,Actinopteri,LC,0.025131231,29.45455317,NA
Istiompax indica,NA,Istiophoridae,NA,171002500,hms,pelagic-oceanic,465,NA,40942.50606,0.361545431,4.5,Actinopteri,DD,92910.59843,37.97876546,NA
Istiophorus albicans,NA,Istiophoridae,NA,18742500,hms,pelagic-oceanic,315,NA,3939.569218,0.577528565,4.5,Actinopteri,NA,8.872319419,33.24648838,NA
Joturus pichardi,NA,Mugilidae,NA,587500,habitat_coastal,pelagic-neritic,61,NA,2036.175397,0.636414723,2.996805347,Actinopteri,NA,0.05161738,33.18566012,NA
Kajikia albida,NA,Istiophoridae,NA,48362500,hms,pelagic-oceanic,300,NA,12797.19646,0.387272323,4.49,Actinopteri,VU,9.774342408,36.59813433,NA
Kajikia audax,NA,Istiophoridae,NA,157757500,pelagic,pelagic-oceanic,420,NA,42349.00065,0.347408374,4.482012652,Actinopteri,NT,84515.14376,45.95007352,NA
Kathetostoma giganteum,NA,Uranoscopidae,NA,747500,sedentary,demersal,90,NA,4247.640989,0.286276548,4.211125785,Actinopteri,NA,0.023810645,33.48243406,NA
Katsuwonus pelamis,NA,Scombridae,NA,251292500,pelagic,pelagic-oceanic,110,NA,4403649.09,0.504382583,4.43,Actinopteri,LC,5411.185386,31.75806231,21.1
Konosirus punctatus,NA,Clupeidae,NA,495000,habitat_coastal,pelagic-neritic,32,NA,134189.8396,0.792958456,3.024828126,Actinopteri,LC,0.001393544,39.15151841,NA
Lactarius lactarius,NA,Lactariidae,NA,10862500,habitat_coastal,pelagic-neritic,40,NA,71361.18439,0.894172771,4.17,Actinopteri,NA,0.045204424,35.13228497,NA
Lampris guttatus,NA,Lampridae,NA,271130000,pelagic,bathypelagic,200,NA,2613.572655,0.605257327,4.220466711,Actinopteri,LC,5846.780899,43.09462738,NA
Larimichthys crocea,NA,Sciaenidae,NA,1287500,habitat_coastal,benthopelagic,80,NA,464679.6398,0.601331042,3.753420389,Actinopteri,NA,0.192269043,36.00077961,NA
Larimichthys polyactis,NA,Sciaenidae,NA,982500,habitat_coastal,benthopelagic,40,NA,3116786.623,0.546792217,3.72,Actinopteri,NA,0.049673506,36.33459921,NA
Larimus breviceps,NA,Sciaenidae,NA,1682500,habitat_coastal,demersal,31,NA,1092.689317,0.716833218,3.52,Actinopteri,LC,0.001198962,29.11448027,NA
Lateolabrax japonicus,NA,Lateolabracidae,NA,1177500,habitat_reef,reef-associated,102,NA,104691.8211,0.280379763,3.1,Actinopteri,NA,0.177936972,42.08585506,NA
Lates calcarifer,NA,Latidae,NA,8162500,habitat_coastal,demersal,200,NA,495833.8181,0.707443985,3.856170509,Actinopteri,NA,0.496355877,45.08464349,NA
Leiostomus xanthurus,NA,Sciaenidae,NA,980000,habitat_coastal,demersal,36,NA,17575.357,0.766431999,3.23,Actinopteri,LC,0.004437854,35.42562662,NA
Lepidocybium flavobrunneum,NA,Gempylidae,NA,14260000,migratory,benthopelagic,200,NA,2435.848754,0.41595686,4.332557829,Actinopteri,LC,1.878193571,45.73960913,NA
Lepidonotothen squamifrons,NA,Nototheniidae,NA,995000,habitat_benthic,benthopelagic,55,NA,171.421403,0.233506431,3.538579081,Actinopteri,NA,0.039894686,51.51209412,NA
Lepidopsetta bilineata,NA,Pleuronectidae,NA,2527500,habitat_benthic,demersal,58,NA,2016952.053,0.174289797,3.18,Actinopteri,NA,0.082573519,58.07836982,NA
Lepidopus caudatus,NA,Trichiuridae,NA,3607500,habitat_deep,benthopelagic,210,NA,223407.6131,0.292513559,3.82,Actinopteri,DD,0.498843021,48.26941255,NA
Lepidorhombus boscii,NA,Scophthalmidae,NA,1817500,habitat_benthic,demersal,40,NA,5157.681725,0.512571372,3.74,Actinopteri,NA,0.03347426,43.1782824,NA
Lepidorhombus whiffiagonis,NA,Scophthalmidae,NA,1412500,habitat_benthic,bathydemersal,60,NA,1993.643305,0.443300965,4.34,Actinopteri,NA,0.029265132,43.38751411,NA
Lepidorhynchus denticulatus,NA,Macrouridae,NA,1452500,habitat_deep,bathypelagic,55,NA,38250.58067,0.176141849,3.706715757,Actinopteri,NA,0.076070209,42.69375238,NA
Lethrinus atlanticus,NA,Lethrinidae,NA,447500,habitat_reef,reef-associated,50,NA,599.9491202,0.429583095,3.585283713,Actinopteri,LC,0.025099114,27.14498488,NA
Lethrinus borbonicus,NA,Lethrinidae,NA,2240000,habitat_reef,reef-associated,40,NA,1859.123649,0.636246008,3.519897255,Actinopteri,NA,0.038181698,27.8671327,NA
Lethrinus lentjan,NA,Lethrinidae,NA,11545000,habitat_reef,reef-associated,52,NA,52998.41671,0.428074524,3.94,Actinopteri,LC,0.967542259,33.73607983,NA
Lethrinus mahsena,NA,Lethrinidae,NA,2142500,habitat_reef,reef-associated,65,NA,3394.310692,0.322404193,3.482533584,Actinopteri,NA,0.080429536,40.96876632,NA
Lethrinus microdon,NA,Lethrinidae,NA,11337500,habitat_reef,reef-associated,80,NA,631.1027783,0.404758161,3.818806874,Actinopteri,LC,0.87353861,28.95898802,NA
Lethrinus obsoletus,NA,Lethrinidae,NA,8592500,habitat_reef,reef-associated,60,NA,988.3063252,0.456931205,3.89,Actinopteri,LC,0.073260627,24.49271924,19.85
Lethrinus xanthochilus,NA,Lethrinidae,NA,10410000,habitat_reef,reef-associated,70,NA,137.2629902,0.313354677,3.78,Actinopteri,LC,0.068041088,42.51721658,26.65
Lichia amia,NA,Carangidae,NA,4077500,habitat_coastal,pelagic-neritic,200,NA,6692.697819,0.934625792,4.5,Actinopteri,LC,0.220418521,42.6771808,NA
Limanda aspera,NA,Pleuronectidae,NA,2760000,habitat_benthic,demersal,49,NA,1106957.153,0.195797383,3.49,Actinopteri,NA,0.077082256,54.67687606,NA
Myzopsetta ferruginea,NA,Pleuronectidae,NA,1120000,habitat_benthic,demersal,64,NA,89150.52797,0.326508332,3.28,Actinopteri,NA,0.165802442,59.03199681,NA
Limanda limanda,NA,Pleuronectidae,NA,1395000,habitat_benthic,demersal,40,NA,97722.63055,0.461184433,3,Actinopteri,LC,0.0611067,49.54952272,NA
Lithognathus mormyrus,NA,Sparidae,NA,2035000,habitat_reef,demersal,55,NA,15943.68564,0.517022487,3.473192596,Actinopteri,LC,0.097338315,28.28336032,NA
Lophius americanus,NA,Lophiidae,NA,1295000,habitat_benthic,demersal,120,NA,81159.26438,0.342918037,4.51,Actinopteri,NA,0.131062969,52.19728118,NA
Lophius budegassa,NA,Lophiidae,NA,2537500,habitat_benthic,bathydemersal,100,NA,219.2480968,0.402594383,4.41,Actinopteri,DD,0.051666695,43.40314349,NA
Lophius gastrophysus,NA,Lophiidae,NA,3115000,habitat_benthic,bathydemersal,60,NA,26440.60164,0.424921798,4.49,Actinopteri,LC,0.06949573,52.03890758,NA
Lophius piscatorius,NA,Lophiidae,NA,3087500,habitat_benthic,bathydemersal,200,NA,106902.5645,0.394021904,4.45,Actinopteri,LC,0.243815196,50.65968218,NA
Lophius vomerinus,NA,Lophiidae,NA,360000,habitat_benthic,bathydemersal,100,NA,9136.97261,0.446457287,4.444648946,Actinopteri,NT,0.030133303,44.30804728,NA
Lutjanus argentimaculatus,NA,Lutjanidae,NA,13092500,habitat_reef,reef-associated,150,NA,81911.08825,0.345913558,3.58,Actinopteri,LC,3.670205075,40.33248567,NA
Lutjanus argentiventris,NA,Lutjanidae,NA,712500,habitat_reef,reef-associated,71,NA,14303.98733,0.312507548,4.05233,Actinopteri,LC,0.048597214,43.28234783,22.9
Lutjanus bohar,NA,Lutjanidae,NA,12705000,habitat_reef,reef-associated,90,NA,2388.102002,0.402942588,4.27,Actinopteri,LC,0.827736138,30.15185861,NA
Lutjanus buccanella,NA,Lutjanidae,NA,2275000,habitat_coastal,reef-associated,75,NA,59.15550784,0.522081563,3.921557065,Actinopteri,DD,0.082345929,26.63416217,26
Lutjanus cyanopterus,NA,Lutjanidae,NA,2590000,habitat_reef,reef-associated,160,NA,292.0709686,0.38120872,4.36,Actinopteri,VU,0.102506771,30.70193911,29
Lutjanus gibbus,NA,Lutjanidae,NA,12437500,habitat_reef,reef-associated,50,NA,844.8831364,0.436363308,4.12,Actinopteri,LC,0.469268775,26.6079968,54
Lutjanus guttatus,NA,Lutjanidae,NA,542500,habitat_reef,reef-associated,80,NA,983.5538908,0.369622858,4.04,Actinopteri,LC,0.060806446,28.32266857,24.15
Lutjanus johnii,NA,Lutjanidae,NA,11712500,habitat_reef,reef-associated,97,NA,40553.99237,0.365000513,4.2,Actinopteri,LC,1.383313977,38.32891148,NA
Lutjanus kasmira,NA,Lutjanidae,NA,12822500,habitat_reef,reef-associated,40,NA,40.45108344,0.454178194,3.87,Actinopteri,LC,0.257943954,30.48629937,31
Lutjanus malabaricus,NA,Lutjanidae,NA,10885000,habitat_reef,reef-associated,100,NA,2714.095459,0.299989449,4.48,Actinopteri,NA,0.060231347,38.92841282,NA
Lutjanus peru,NA,Lutjanidae,NA,502500,habitat_reef,reef-associated,95,NA,3033.722169,0.268598097,4.033648182,Actinopteri,LC,0.046874806,39.29171518,NA
Lutjanus purpureus,NA,Lutjanidae,NA,1527500,habitat_reef,demersal,100,NA,50541.7241,0.307978176,3.58,Actinopteri,NA,0.184091267,48.35374909,NA
Lutjanus quinquelineatus,NA,Lutjanidae,NA,9740000,habitat_reef,reef-associated,38,NA,1784.884776,0.326846869,3.68,Actinopteri,LC,0.033609586,37.28664875,NA
Lutjanus synagris,NA,Lutjanidae,NA,3455000,habitat_reef,reef-associated,60,NA,28340.63155,0.66052967,3.82,Actinopteri,NT,0.147469635,32.8806261,23.87
Lutjanus vivanus,NA,Lutjanidae,NA,2635000,habitat_reef,reef-associated,83,NA,230.3172043,0.251652933,3.09,Actinopteri,LC,0.073822555,37.20471873,NA
Macrodon ancylodon,NA,Sciaenidae,NA,1177500,habitat_coastal,demersal,45,NA,49574.92161,0.61741782,3.921557065,Actinopteri,LC,0.119613712,35.99894934,NA
Macrourus berglax,NA,Macrouridae,NA,2517500,habitat_deep,benthopelagic,110,NA,11489.68524,0.087752099,3.837488727,Actinopteri,NA,0.109570186,49.067034,NA
Macrourus carinatus,NA,Macrouridae,NA,1895000,habitat_deep,bathydemersal,100,NA,51584.77013,0.130908793,3.734738536,Actinopteri,NA,0.128956688,49.37482461,NA
Macrourus whitsoni,NA,Macrouridae,NA,31287500,habitat_deep,bathypelagic,84,NA,787.8156811,0.130908793,3.519897228,Actinopteri,NA,0.839401245,45.84871078,NA
Malacanthus plumieri,NA,Malacanthidae,NA,2252500,habitat_benthic,reef-associated,70,NA,4.481635119,0.401639123,3.71,Actinopteri,LC,0.091815825,44.75129004,NA
Mallotus villosus,NA,Osmeridae,NA,13647500,migratory,pelagic-oceanic,20,NA,7400552.68,0.138113299,3.15,Actinopteri,NA,0.014898001,106.2172937,150
Megalaspis cordyla,NA,Carangidae,NA,10982500,pelagic,reef-associated,80,NA,323579.9364,0.855472818,3.930897991,Actinopteri,LC,0.408515632,32.99592378,NA
Megalops cyprinoides,NA,Megalopidae,NA,11922500,habitat_coastal,benthopelagic,150,NA,12359.30533,0.219631114,3.48,Actinopteri,DD,2.334535517,38.92015028,NA
Melanogrammus aeglefinus,NA,Gadidae,NA,2797500,migratory,demersal,112,NA,589371.633,0.301691966,4.03,Actinopteri,VU,0.178467072,85.65338812,141
Mene maculata,NA,Menidae,NA,6955000,habitat_reef,reef-associated,30,NA,161394.3581,0.681372715,3.501215375,Actinopteri,NA,0.001957533,33.25884279,NA
Menidia menidia,NA,Atherinopsidae,NA,912500,habitat_coastal,pelagic-neritic,15,NA,1323.357543,0.883068984,3.19,Actinopteri,LC,0.001170206,37.2979696,35
Menticirrhus littoralis,NA,Sciaenidae,NA,2402500,habitat_coastal,demersal,48.29999924,NA,7736.086232,0.552421971,3.92,Actinopteri,LC,0.080629577,27.56704792,NA
Menticirrhus saxatilis,NA,Sciaenidae,NA,1627500,habitat_coastal,demersal,46,NA,390.503342,0.497880502,3.56,Actinopteri,LC,0.044931594,28.16529082,NA
Merlangius merlangus,NA,Gadidae,NA,2155000,migratory,benthopelagic,91.5,NA,283963.7216,0.396282595,4.36,Actinopteri,LC,0.137266583,30.74615028,NA
Merluccius albidus,NA,Merlucciidae,NA,1745000,pelagic,bathydemersal,40.59999847,NA,93.99764124,0.365328316,3.43,Actinopteri,LC,0.044721686,35.71869356,NA
Merluccius australis,NA,Merlucciidae,NA,1232500,migratory,benthopelagic,155,NA,458081.8423,0.056425285,4.435308019,Actinopteri,NA,0.097555435,56.26501974,NA
Merluccius bilinearis,NA,Merlucciidae,NA,925000,migratory,demersal,76,NA,492540.1862,0.154190389,4.49,Actinopteri,NT,0.047046922,39.3400835,NA
Merluccius capensis,NA,Merlucciidae,NA,535000,migratory,bathydemersal,140,NA,5521057.483,0.137980456,3.902875212,Actinopteri,LC,0.197837728,69.73397761,NA
Merluccius hubbsi,NA,Merlucciidae,NA,1412500,migratory,benthopelagic,95,NA,4226135.199,0.227029036,4.229807638,Actinopteri,NA,0.091042642,45.42632497,NA
Merluccius merluccius,NA,Merlucciidae,NA,2487500,habitat_deep,demersal,140,NA,185465.2204,0.310269594,4.42,Actinopteri,LC,0.254244193,34.48362057,NA
Merluccius polli,NA,Merlucciidae,NA,630000,habitat_deep,bathydemersal,80,NA,13025.87948,0.234269326,4.482012652,Actinopteri,LC,0.038940547,32.92391413,NA
Merluccius productus,NA,Merlucciidae,NA,960000,migratory,pelagic-neritic,91,NA,7061680.778,0.12010337,4.35,Actinopteri,LC,0.050182276,90.33298378,88
Merluccius senegalensis,NA,Merlucciidae,NA,47500,migratory,demersal,81,NA,301939.4071,0.196314064,4.482012652,Actinopteri,EN,0.02007377,29.48063558,NA
Meuschenia scaber,NA,Monacanthidae,NA,1115000,habitat_coastal,demersal,31,NA,1370.926443,1.031915321,3.11,Actinopteri,LC,0.001178528,37.05345758,NA
Microgadus tomcod,NA,Gadidae,NA,632500,habitat_coastal,demersal,38.09999847,NA,1410.13149,0.46107757,3.837488727,Actinopteri,LC,0.024128282,28.13631943,NA
Micromesistius australis,NA,Gadidae,NA,1522500,migratory,benthopelagic,90,NA,1601295.203,0.138834909,3.398465184,Actinopteri,NA,0.13109578,59.17493886,NA
Micromesistius poutassou,NA,Gadidae,NA,11370000,migratory,bathypelagic,55.5,NA,2238132.139,0.264956898,4.13,Actinopteri,NA,0.733445201,36.73270658,7.75
Micropogonias furnieri,NA,Sciaenidae,NA,2195000,habitat_coastal,demersal,60,NA,227203.5195,0.541310594,3.09,Actinopteri,LC,0.15125119,36.18331935,NA
Micropogonias undulatus,NA,Sciaenidae,NA,2317500,habitat_coastal,demersal,55,NA,44582.67097,0.873782776,4.014966329,Actinopteri,LC,0.130231271,37.65907527,NA
Microstomus kitt,NA,Pleuronectidae,NA,1532500,habitat_benthic,demersal,65,NA,286647.3621,0.12105525,3.27703314,Actinopteri,NA,0.112883998,63.98545434,NA
Microstomus pacificus,NA,Pleuronectidae,NA,1172500,habitat_benthic,demersal,76,NA,565172.0037,0.089528983,3.22,Actinopteri,NA,0.088960732,66.9880345,NA
Miichthys miiuy,NA,Sciaenidae,NA,870000,habitat_coastal,demersal,70,NA,254347.1254,0.562138124,3.547920007,Actinopteri,NA,0.193188727,35.67409912,NA
Molva dypterygia,NA,Lotidae,NA,2642500,habitat_benthic,demersal,155,NA,190950.5942,0.12236097,4.49,Actinopteri,NA,0.117665541,54.109158,NA
Molva molva,NA,Lotidae,NA,1615000,habitat_benthic,demersal,200,NA,1109512.435,0.111647026,4.4,Actinopteri,NA,0.095289276,57.46982067,NA
Monotaxis grandoculis,NA,Lethrinidae,NA,11135000,habitat_reef,reef-associated,60,NA,113.7729425,0.551484374,3.37,Actinopteri,LC,0.077382682,30.82227147,33.3
Mora moro,NA,Moridae,NA,56435000,deep,bathypelagic,80,NA,10677.45905,0.146467431,3.781443168,Actinopteri,LC,0.833542716,53.38755738,NA
Mugil cephalus,NA,Mugilidae,NA,15862500,habitat_coastal,benthopelagic,100,NA,609274.372,0.277257899,2.59514551,Actinopteri,LC,1.433956254,53.81228278,NA
Mugil curema,NA,Mugilidae,NA,5337500,habitat_coastal,reef-associated,91,NA,5777.702193,0.519755415,2.01,Actinopteri,LC,0.152888743,36.11530305,NA
Mugil liza,NA,Mugilidae,NA,2622500,migratory,demersal,80,NA,12098.99119,0.477722143,2.146781041,Actinopteri,DD,0.198208241,35.17740677,NA
Mullus argentinae,NA,Mullidae,NA,310000,habitat_benthic,demersal,30,NA,600.969623,0.776864557,3.501215375,Actinopteri,NA,4.34E-04,46.10149566,NA
Mullus barbatus,NA,Mullidae,NA,727500,habitat_benthic,demersal,38.20000076,NA,3400.603392,0.68,3.14,Actinopteri,NA,0.027937815,43.89714241,NA
Mullus surmuletus,NA,Mullidae,NA,2882500,habitat_benthic,demersal,40,NA,17341.66403,0.656087269,3.45,Actinopteri,LC,0.071708838,42.84954298,30.1
Muraenesox cinereus,NA,Muraenesocidae,NA,6977500,sedentary,demersal,220,NA,4874752.99,0.409229387,4.369921534,Actinopteri,NA,0.474039585,49.24933984,NA
Mycteroperca phenax,NA,Serranidae,NA,1627500,habitat_reef,reef-associated,107,NA,154.0661309,0.21559573,4.47,Actinopteri,DD,0.03346801,33.5637568,NA
Naucrates ductor,NA,Carangidae,NA,23690000,pelagic,reef-associated,70,NA,67.96813996,1.064734154,3.463851669,Actinopteri,LC,0.765416895,32.49417099,NA
Nematalosa nasus,NA,Clupeidae,NA,3562500,habitat_coastal,pelagic-neritic,25.5,NA,1490.27369,1.124180083,2.342940496,Actinopteri,LC,0.001355078,42.2416669,NA
Nemipterus japonicus,NA,Nemipteridae,NA,7565000,habitat_benthic,demersal,32,NA,31278.90158,1.261848147,4.127057447,Actinopteri,NA,0.001182042,60.80191858,NA
Nemipterus virgatus,NA,Nemipteridae,NA,5732500,habitat_benthic,demersal,35,NA,22906.75869,0.957144758,4.005625403,Actinopteri,VU,0.003031782,50.12843893,NA
Normanichthys crockeri,NA,Normanichthyidae,NA,267500,habitat_coastal,demersal,11,NA,260047.4754,0.459478193,2.847350524,Actinopteri,NA,8.87E-04,38.20124219,NA
Oblada melanuras,NA,Sparidae,NA,1805000,habitat_reef,benthopelagic,36.59999847,NA,6862.353238,0.430882512,3.43582889,Actinopteri,LC,0.018719801,23.06468281,16
Oncorhynchus gorbuscha,NA,Salmonidae,NA,3357500,migratory,demersal,76,NA,5986072.754,0.491520221,4.49,Actinopteri,NA,0.104122129,40.92840121,NA
Oncorhynchus keta,NA,Salmonidae,NA,2395000,migratory,benthopelagic,100,NA,1232214.468,0.332235885,3.74,Actinopteri,NA,0.231527057,60.55857144,NA
Oncorhynchus kisutch,NA,Salmonidae,NA,2657500,migratory,pelagic,107.9499969,NA,180864.232,0.52822829,4.183103005,Actinopteri,NA,0.183084354,35.21816654,NA
Oncorhynchus masou,NA,Salmonidae,NA,1050000,migratory,benthopelagic,79,NA,11650.48361,0.488,3.641329272,Actinopteri,NA,0.151100366,29.12949444,NA
Oncorhynchus nerka,NA,Salmonidae,NA,1905000,migratory,pelagic-oceanic,84,NA,1750038.608,0.343342144,3.54,Actinopteri,LC,0.228274024,50.14816212,NA
Oncorhynchus tshawytscha,NA,Salmonidae,NA,2962500,migratory,benthopelagic,150,NA,78870.36652,0.491520221,4.4,Actinopteri,NA,0.249369479,33.71337676,NA
Opisthonema libertate,NA,Clupeidae,NA,520000,habitat_coastal,pelagic-neritic,30,NA,579556.2461,0.701094271,2.978123494,Actinopteri,LC,0.001137705,44.34066233,NA
Opisthonema oglinum,NA,Clupeidae,NA,2765000,habitat_coastal,reef-associated,38,NA,38353.45049,1.026959074,4.5,Actinopteri,LC,0.038555188,37.04247057,NA
Orcynopsis unicolor,NA,Scombridae,NA,2472500,hms,pelagic-neritic,130,NA,3446.15792,0.596518223,4.482012652,Actinopteri,LC,0.102251778,24.00178033,NA
Osmerus eperlanus,NA,Osmeridae,NA,1180000,habitat_coastal,pelagic-neritic,45,NA,203386.2059,0.094547828,3.510556337,Actinopteri,LC,0.079589239,49.01246602,NA
Osmerus mordax,NA,Osmeridae,NA,6640000,habitat_coastal,pelagic-oceanic,35.59999847,NA,48591.9841,0.087755132,3,Actinopteri,NA,0.003574455,55.81181939,NA
Otolithes ruber,NA,Sciaenidae,NA,8637500,habitat_coastal,benthopelagic,90,NA,75651.61394,0.865438668,3.6,Actinopteri,NA,0.283989092,40.45348827,NA
Pagellus acarne,NA,Sparidae,NA,2185000,habitat_reef,benthopelagic,36,NA,12714.68568,0.478222754,3.81,Actinopteri,LC,0.003309774,28.37731053,NA
Pagellus bellottii,NA,Sparidae,NA,717500,habitat_reef,demersal,42,NA,22277.50752,0.677967137,3.641329272,Actinopteri,LC,0.081422676,31.48790692,NA
Pagellus bogaraveo,NA,Sparidae,NA,2387500,habitat_reef,benthopelagic,70,NA,14240.12473,0.317996793,4.21,Actinopteri,NT,0.067206017,36.75082099,NA
Pagellus erythrinus,NA,Sparidae,NA,2127500,habitat_reef,benthopelagic,60,NA,19205.76908,0.467310419,3.48,Actinopteri,LC,0.126950872,28.18406741,NA
Pagrus major,NA,Sparidae,NA,1235000,habitat_reef,demersal,100,NA,27715.41741,0.388831741,4.46,Actinopteri,LC,0.105548118,38.11122102,47
Pampus argenteus,NA,Stromateidae,NA,7610000,habitat_coastal,benthopelagic,60,NA,220639.9265,0.666219294,3.3,Actinopteri,NA,0.174637595,34.60759369,NA
Paralabrax humeralis,NA,Serranidae,NA,862500,habitat_benthic,benthopelagic,54.5,NA,36474.70373,0.274989376,4.12,Actinopteri,DD,0.046950046,55.5913753,NA
Paralichthys californicus,NA,Paralichthyidae,NA,375000,habitat_benthic,demersal,152,NA,215.8677611,0.686346119,4.482012652,Actinopteri,LC,0.039895342,43.34156001,NA
Paralichthys dentatus,NA,Paralichthyidae,NA,360000,habitat_benthic,demersal,94,NA,19381.1419,1.335834603,4.49,Actinopteri,LC,0.049432694,67.46486722,102.77
Paralonchurus peruanus,NA,Sciaenidae,NA,150000,habitat_coastal,demersal,51,NA,21622.18548,0.624615121,2.17,Actinopteri,LC,0.023408277,36.80690002,NA
Parapercis colias,NA,Pinguipedidae,NA,465000,habitat_coastal,demersal,45,NA,11421.44512,0.447064618,3.89,Actinopteri,LC,0.045335003,29.0478274,NA
Parastromateus niger,NA,Carangidae,NA,11080000,habitat_coastal,reef-associated,75,NA,170627.184,1.069770735,3.015487262,Actinopteri,LC,0.362740943,39.0352929,NA
Paristiopterus labiosus,NA,Pentacerotidae,NA,827500,habitat_benthic,demersal,100,NA,55.24076796,0.566320874,3.33,Actinopteri,NA,0.071466058,43.19223162,NA
Parona signata,NA,Carangidae,NA,365000,habitat_coastal,demersal,60,NA,3739.276221,0.934625792,3.454510743,Actinopteri,NA,0.028385776,34.59262704,NA
Patagonotothen ramsayi,NA,Nototheniidae,NA,1027500,deep,benthopelagic,44,NA,443616.7456,0.471420356,3.538579081,Actinopteri,NA,0.097151221,49.3676468,NA
Pegusa lascaris,NA,Soleidae,NA,2572500,habitat_benthic,demersal,40,NA,4141.827964,0.191168732,3.29,Actinopteri,LC,0.030464747,51.42109196,NA
Pelates quadrilineatus,NA,Terapontidae,NA,10432500,habitat_coastal,reef-associated,30,NA,25.39081752,0.814152596,3.59,Actinopteri,NA,9.86E-04,35.94956594,NA
Pennahia aneas,NA,Sciaenidae,NA,4990000,habitat_coastal,demersal,30,NA,22525.35337,1.31363675,4.005625403,Actinopteri,NA,0.001636991,43.08630872,NA
Pennahia argentata,NA,Sciaenidae,NA,1032500,habitat_coastal,benthopelagic,40,NA,27970.05508,0.804667561,4.06,Actinopteri,NA,0.037218322,36.57868358,NA
Pentaceros richardsoni,NA,Pentacerotidae,NA,3077500,habitat_benthic,pelagic-oceanic,56,NA,854.3380003,0.392870269,3.547920007,Actinopteri,NA,0.090803675,44.34189975,NA
Pentanemus quinquarius,NA,Polynemidae,NA,650000,habitat_coastal,demersal,35,NA,16110.92931,0.687012387,3.603965566,Actinopteri,VU,0.002475894,29.69354629,NA
Peprilus paru,NA,Stromateidae,NA,2995000,habitat_coastal,benthopelagic,30,NA,1395.855099,0.911406922,4.5,Actinopteri,LC,0.00122027,36.2263518,NA
Peprilus triacanthus,NA,Stromateidae,NA,1105000,pelagic,benthopelagic,30,NA,108500.4293,0.700336418,3.91,Actinopteri,NA,0.001673314,33.04389876,NA
Percophis brasiliensis,NA,Percophidae,NA,1072500,habitat_coastal,demersal,53.29999924,NA,71909.87553,0.257794633,4.173762079,Actinopteri,NA,0.057484871,34.27587627,NA
Petromyzon marinus,NA,Petromyzontidae,NA,2705000,migratory,demersal,120,NA,416.3453277,0.291680948,4.360580501,Petromyzonti,LC,0.04671825,44.52177392,NA
Petrus rupestris,NA,Sparidae,NA,70000,migratory,demersal,200,NA,86.45184772,0.257114227,4.482012652,Actinopteri,EN,0.021808899,47.38933112,NA
Phycis blennoides,NA,Phycidae,NA,3255000,migratory,benthopelagic,110,NA,10835.79277,0.397379693,3.69737483,Actinopteri,NA,0.23775801,37.23935474,NA
Phycis phycis,NA,Phycidae,NA,1815000,habitat_benthic,benthopelagic,65,NA,9656.663803,0.512241091,4.25,Actinopteri,LC,0.05519643,44.4459616,NA
Plagiogeneion rubiginosum,NA,Emmelichthyidae,NA,1440000,deep,bathydemersal,60,NA,3246.226032,0.467322973,3.454510743,Actinopteri,NA,0.078409995,43.10764181,NA
Platichthys flesus,NA,Pleuronectidae,NA,1830000,habitat_benthic,demersal,60,NA,148911.2792,0.340148283,3.32,Actinopteri,LC,0.129542236,57.22371195,NA
Platichthys stellatus,NA,Pleuronectidae,NA,3655000,habitat_benthic,demersal,91,NA,6321.604415,0.256053141,3.58,Actinopteri,LC,0.129391407,52.25296188,NA
Platycephalus indicus,NA,Platycephalidae,NA,11915000,habitat_benthic,reef-associated,100,NA,56660.6226,0.47872139,3.6,Actinopteri,DD,1.743744055,52.29877587,NA
Plectorhinchus gaterinus,NA,Haemulidae,NA,2390000,habitat_reef,reef-associated,50,NA,674.6529054,0.44710991,4.005625403,Actinopteri,NA,0.046080454,26.90108517,NA
Plectorhinchus mediterraneus,NA,Haemulidae,NA,890000,habitat_benthic,demersal,80,NA,1699.859126,0.294570293,3.538579081,Actinopteri,DD,0.086928989,55.07131506,NA
Plectorhinchus pictus,NA,Haemulidae,NA,12412500,habitat_reef,reef-associated,83,NA,47.9135368,0.288603199,3.85,Actinopteri,NA,0.751130435,39.25437499,NA
Plectorhinchus schotaf,NA,Haemulidae,NA,10495000,habitat_reef,reef-associated,80,NA,420.8092813,0.44710991,3.633333333,Actinopteri,NA,0.097598764,28.968426,NA
Plectorhinchus sordidus,NA,Haemulidae,NA,1287500,habitat_reef,reef-associated,60,NA,81.92687122,0.549660927,4.005625403,Actinopteri,NA,0.03411815,27.62234491,NA
Plectropomus pessuliferus,NA,Serranidae,NA,8977500,habitat_reef,reef-associated,120,NA,1961.340225,0.321726946,4.42,Actinopteri,LC,0.062938705,33.36333784,NA
Pleurogrammus azonus,NA,Hexagrammidae,NA,667500,habitat_benthic,demersal,62,NA,3626343.234,0.159533503,3.38,Actinopteri,NA,0.055529708,57.19693332,NA
Pleurogrammus monopterygius,NA,Hexagrammidae,NA,1715000,habitat_coastal,demersal,56.5,NA,2009760.409,0.076601039,3.38,Actinopteri,NA,0.076780479,57.02502444,NA
Pleuronectes platessa,NA,Pleuronectidae,NA,1712500,migratory,demersal,100,NA,184703.5624,0.259689843,3.17,Actinopteri,LC,0.225652379,46.05190037,100
Pleuronectes quadrituberculatus,NA,Pleuronectidae,NA,2015000,habitat_benthic,bathydemersal,87,NA,798334.9775,0.120334472,3.59,Actinopteri,NA,0.101310822,62.75515858,NA
Pogonias cromis,NA,Sciaenidae,NA,1915000,habitat_coastal,demersal,170,NA,52814.07433,0.18652475,3.38,Actinopteri,LC,0.27438538,40.84084234,NA
Polydactylus quadrifilis,NA,Polynemidae,NA,507500,habitat_coastal,demersal,200,NA,167966.2074,0.564120399,4.024307256,Actinopteri,LC,0.309387621,41.83685334,NA
Polyprion americanus,NA,Polyprionidae,NA,7452500,habitat_benthic,demersal,210,NA,19181.41426,0.097063333,4.1457393,Actinopteri,DD,0.158794123,57.70200551,NA
Pomacanthus maculosus,NA,Pomacanthidae,NA,1652500,habitat_reef,reef-associated,50,NA,1194.620401,0.204546984,2.772623112,Actinopteri,LC,0.041877486,40.5262483,NA
Pomadasys argenteus,NA,Haemulidae,NA,10752500,habitat_coastal,demersal,70,NA,7362.777276,0.805877969,3.47,Actinopteri,LC,0.160750006,36.09335894,NA
Pomadasys jubelini,NA,Haemulidae,NA,640000,habitat_coastal,demersal,60,NA,9092.602815,0.753408033,3.389124258,Actinopteri,LC,0.069950378,34.11525425,NA
Pomadasys kaakan,NA,Haemulidae,NA,10845000,habitat_coastal,reef-associated,80,NA,103598.7719,0.626947046,3.510556301,Actinopteri,NA,0.276609072,34.68298483,NA
Pomadasys stridens,NA,Haemulidae,NA,2142500,habitat_coastal,reef-associated,20,NA,1056.79335,0.778971593,4.033648182,Actinopteri,NA,0.001053634,36.16761308,NA
Pomatomus saltatrix,NA,Pomatomidae,NA,137852500,migratory,pelagic-oceanic,130,NA,125269.2375,0.524709109,4.53,Actinopteri,VU,4964.657616,34.93998388,NA
Pontinus kuhlii,NA,Scorpaenidae,NA,1472500,habitat_deep,bathydemersal,52,NA,1536.758348,0.281780151,4.061670962,Actinopteri,DD,0.034161464,38.58297073,NA
Priacanthus macracanthus,NA,Priacanthidae,NA,9322500,habitat_reef,reef-associated,30,NA,38524.31461,0.900748536,4.11771652,Actinopteri,LC,0.001120066,36.05149533,NA
Promethichthys prometheus,NA,Gempylidae,NA,16325000,habitat_deep,benthopelagic,100,NA,204.2702824,0.2825668,4.183103005,Actinopteri,LC,0.715295775,34.75736811,NA
Psenopsis anomala,NA,Centrolophidae,NA,1332500,habitat_coastal,benthopelagic,30,NA,43667.43993,0.702069919,4.014966329,Actinopteri,LC,0.001524986,34.78138953,NA
Psettichthys melanostictus,NA,Pleuronectidae,NA,1187500,habitat_benthic,demersal,63,NA,363.812153,0.306059045,4.071011888,Actinopteri,NA,0.02600897,55.79627562,NA
Psettodes erumei,NA,Psettodidae,NA,3950000,habitat_benthic,demersal,64,NA,81476.7449,0.855080405,4.39,Actinopteri,NA,0.109482346,50.71966868,NA
Pseudocyttus maculatus,NA,Oreosomatidae,NA,2850000,habitat_deep,bathydemersal,68,NA,45282.65927,0.109883806,3.678692977,Actinopteri,DD,0.132655833,52.60389583,NA
Pseudopercis semifasciata,NA,Pinguipedidae,NA,700000,habitat_benthic,demersal,100,NA,14767.71311,0.636895363,3.902875212,Actinopteri,NA,0.123866795,43.32666524,NA
Pseudophycis bachus,NA,Moridae,NA,1075000,habitat_benthic,demersal,90,NA,135606.815,0.201482529,3.93,Actinopteri,NA,0.125660929,52.41278178,NA
Pseudopleuronectes americanus,NA,Pleuronectidae,NA,760000,habitat_benthic,demersal,64,NA,48209.72421,0.307223496,3.62,Actinopteri,NA,0.10710496,68.74815838,87
Pseudopleuronectes herzensteini,NA,Pleuronectidae,NA,427500,habitat_benthic,demersal,50,NA,114429.6126,0.483128298,3.465,Actinopteri,NA,0.059611921,48.55148429,NA
Pseudotolithus elongatus,NA,Sciaenidae,NA,320000,habitat_coastal,demersal,47,NA,144262.6131,0.262800508,4.071011888,Actinopteri,LC,0.016059255,37.03339494,NA
Pseudotolithus senegalensis,NA,Sciaenidae,NA,542500,habitat_coastal,demersal,114,NA,34442.69003,0.4770747,3.818806874,Actinopteri,EN,0.179155245,38.11051742,NA
Pseudotolithus senegallus,NA,Sciaenidae,NA,590000,habitat_coastal,demersal,230,NA,8299.897352,0.453895734,3.912216139,Actinopteri,VU,0.773075091,36.75948988,NA
Pseudupeneus prayensis,NA,Mullidae,NA,652500,habitat_benthic,demersal,55,NA,12069.8998,0.897245891,3.30505592,Actinopteri,VU,0.070821723,48.89551421,NA
Pterogymnus laniarius,NA,Sparidae,NA,180000,habitat_reef,benthopelagic,45,NA,11543.00686,0.38424962,3.631988345,Actinopteri,LC,0.015758872,35.09294427,NA
Pteroscion peli,NA,Sciaenidae,NA,585000,habitat_benthic,benthopelagic,32,NA,7736.777156,0.624615121,3.603965566,Actinopteri,LC,9.53E-04,43.18981042,NA
Rachycentron canadum,NA,Rachycentridae,NA,15987500,hms,reef-associated,200,NA,58777.77515,0.44388526,3.96,Actinopteri,LC,4.528631936,36.89733364,NA
Rastrelliger brachysoma,NA,Scombridae,NA,8362500,pelagic,pelagic-neritic,34.5,NA,924370.2657,1.171892667,2.819327745,Actinopteri,DD,0.002948886,47.88792384,NA
Reinhardtius hippoglossoides,NA,Pleuronectidae,NA,4170000,habitat_benthic,benthopelagic,110,NA,307787.8215,0.171591636,4.38,Actinopteri,NA,0.078709532,50.55554078,NA
Rexea solandri,NA,Gempylidae,NA,1292500,migratory,benthopelagic,110,NA,17719.10638,0.234913051,4.304535049,Actinopteri,NA,0.06425699,37.75799392,NA
Rhabdosargus globiceps,NA,Sparidae,NA,235000,habitat_reef,benthopelagic,65,NA,452.4967304,0.441178878,3.04,Actinopteri,VU,0.015305249,31.73320096,NA
Rhabdosargus haffara,NA,Sparidae,NA,992500,habitat_reef,reef-associated,35,NA,9449.676744,0.560764579,3.547920007,Actinopteri,LC,0.002209874,27.11932258,NA
Rhomboplites aurorubens,NA,Lutjanidae,NA,3140000,habitat_reef,demersal,60,NA,22238.14569,0.392796509,4.36,Actinopteri,VU,0.061405902,29.37631629,NA
Ruvettus pretiosus,NA,Gempylidae,NA,13672500,migratory,benthopelagic,300,NA,59440.96218,0.41595686,4.183103005,Actinopteri,LC,14.4879457,48.91868826,NA
Salilota australis,NA,Moridae,NA,1077500,deep,demersal,50,NA,96078.23777,0.246865935,4.41,Actinopteri,NA,0.044266983,49.95764661,NA
Salmo salar,NA,Salmonidae,NA,3572500,migratory,benthopelagic,150,NA,9019.125512,0.729628165,4.5,Actinopteri,LC,0.241133233,37.07949088,NA
Salvelinus alpinus,NA,Salmonidae,NA,5825000,migratory,benthopelagic,107,NA,1393.2,0.2,4.39,Actinopteri,NA,0.043497741,36.00370294,NA
Sarda chiliensis,NA,Scombridae,NA,307500,pelagic,pelagic-neritic,102,NA,271116.5089,0.474168676,4.49,Actinopteri,NA,0.038494034,30.82321055,NA
Sarda orientalis,NA,Scombridae,NA,14075000,pelagic,pelagic-neritic,102,NA,4837.017878,0.340909222,4.21112582,Actinopteri,LC,1.224394292,36.93684428,NA
Sarda sarda,NA,Scombridae,NA,6197500,hms,pelagic-neritic,91.40000153,NA,139718.1571,0.703009387,4.5,Actinopteri,LC,0.155226423,26.47337724,NA
Sardina pilchardus,NA,Clupeidae,NA,2405000,pelagic,pelagic-neritic,27.5,NA,909343.1019,0.527727922,3.06,Actinopteri,LC,0.0015169,41.56027562,40
Sardinella aurita,NA,Clupeidae,NA,5502500,habitat_coastal,pelagic-neritic,41,NA,207074.7025,0.674292593,3.4,Actinopteri,LC,0.129494898,32.66930475,NA
Sardinella brasiliensis,NA,Clupeidae,NA,2745000,habitat_coastal,pelagic-neritic,27,NA,249674.3961,0.788212212,3.174282949,Actinopteri,DD,0.002169564,37.58276806,NA
Sardinella gibbosa,NA,Clupeidae,NA,11190000,habitat_coastal,pelagic-neritic,29.60000038,NA,582774.7402,1.234370494,2.940759788,Actinopteri,LC,0.010028863,53.18530387,NA
Sardinella lemuru,NA,Clupeidae,NA,6505000,habitat_coastal,pelagic-neritic,23,NA,119056.7228,1.196835699,2.59514551,Actinopteri,NT,0.001671893,44.05211451,NA
Sardinella longiceps,NA,Clupeidae,NA,567500,migratory,pelagic-neritic,23,NA,1566716.714,1.069202758,2.529759105,Actinopteri,LC,0.00145363,49.1301344,NA
Sardinella maderensis,NA,Clupeidae,NA,1292500,migratory,pelagic,30,NA,752685.4111,0.810888202,3.267692214,Actinopteri,VU,0.001643461,44.64188082,NA
Sardinella zunasi,NA,Clupeidae,NA,567500,habitat_coastal,pelagic-neritic,18,NA,13365.10594,0.938471573,3.17,Actinopteri,LC,0.001173169,38.27575612,NA
Sardinops sagax,NA,Clupeidae,NA,7210000,migratory,pelagic-neritic,39.5,NA,6612312.475,0.348585234,2.84,Actinopteri,LC,0.065980362,61.89361594,46.4875
Sargocentron spiniferum,NA,Holocentridae,NA,11040000,habitat_reef,reef-associated,51,NA,134.9547038,1.094233812,3.6,Actinopteri,LC,0.062531129,39.87558044,39.8
Saurida tumbil,NA,Synodontidae,NA,11872500,habitat_benthic,reef-associated,60,NA,158872.8115,0.476043014,4.4,Actinopteri,LC,0.715154697,47.2425911,NA
Saurida undosquamis,NA,Synodontidae,NA,6290000,habitat_benthic,reef-associated,50,NA,839.292165,0.593538247,4.46,Actinopteri,LC,0.035607685,43.15028629,NA
Scarus ghobban,NA,Scaridae,NA,12940000,habitat_reef,reef-associated,75,NA,350.9246299,0.572840955,2,Actinopteri,LC,0.714550435,35.02199364,29.7
Scarus persicus,NA,Scaridae,NA,662500,habitat_reef,benthopelagic,50,NA,725.8477905,0.619733236,2.003846154,Actinopteri,LC,0.034173706,35.46347734,NA
Sciaenops ocellatus,NA,Sciaenidae,NA,987500,habitat_benthic,demersal,155,NA,55.28250163,0.347234648,3.772102242,Actinopteri,LC,0.180322015,40.69696041,22
Scolopsis taeniata,NA,Nemipteridae,NA,1430000,habitat_reef,reef-associated,36,NA,1097.347636,1.10849102,3.48,Actinopteri,NA,0.003036358,35.6079622,NA
Scomber australasicus,NA,Scombridae,NA,6165000,hms,pelagic-neritic,44,NA,565948.6281,0.571448731,4.23,Actinopteri,LC,0.052472237,33.18550415,NA
Scomber japonicus,NA,Scombridae,NA,6372500,hms,pelagic-neritic,64,NA,5259513.122,0.39773042,3.38,Actinopteri,LC,0.214474899,28.76951553,19.06
Scomber scombrus,NA,Scombridae,NA,2945000,hms,pelagic-neritic,60,NA,3765502.187,0.271095154,3.63,Actinopteri,LC,0.113972597,42.83560586,45.14666667
Scomberesox saurus,NA,Scomberesocidae,NA,23045000,pelagic,pelagic-oceanic,50,NA,15045.82704,0.634268623,3.91,Actinopteri,NA,0.799768085,27.85268875,NA
Scomberoides commersonnianus,NA,Carangidae,NA,10520000,habitat_reef,reef-associated,120,NA,22678.46262,0.911024365,4.351239681,Actinopteri,LC,0.123595531,34.95393043,NA
Scomberoides lysan,NA,Carangidae,NA,11030000,habitat_reef,reef-associated,110,NA,9.175311382,0.860570249,4.05233,Actinopteri,LC,0.092594441,37.3263375,NA
Scomberoides tol,NA,Carangidae,NA,11720000,habitat_reef,reef-associated,60,NA,279.9398237,0.911024365,4.11,Actinopteri,LC,0.299506312,34.66097523,NA
Scomberomorus brasiliensis,NA,Scombridae,NA,1760000,habitat_coastal,reef-associated,125,NA,43179.64922,0.494621434,3.31,Actinopteri,LC,0.325094713,38.54422868,NA
Scomberomorus cavalla,NA,Scombridae,NA,2745000,hms,pelagic-neritic,184,NA,42236.3757,0.422976077,4.42,Actinopteri,LC,0.2743547,21.8074327,12
Scomberomorus commerson,NA,Scombridae,NA,11710000,hms,pelagic-neritic,240,NA,2482310.546,0.543282813,4.5,Actinopteri,NT,7.946552398,37.91439409,NA
Scomberomorus guttatus,NA,Scombridae,NA,6332500,hms,pelagic-neritic,76,NA,326872.9664,0.500310594,4.27651227,Actinopteri,DD,0.093966567,24.87154769,NA
Scomberomorus lineolatus,NA,Scombridae,NA,3632500,pelagic,pelagic-neritic,94,NA,1908.835101,0.297890582,4.482012652,Actinopteri,LC,0.055873729,35.38826886,NA
Scomberomorus maculatus,NA,Scombridae,NA,832500,hms,pelagic-neritic,91,NA,23170.02414,0.552706116,4.53,Actinopteri,LC,0.088172039,20.65464422,9.903333333
Scomberomorus niphonius,NA,Scombridae,NA,1432500,hms,pelagic-neritic,113.1999969,NA,242238.4158,0.525702802,4.5,Actinopteri,DD,0.152787279,30.21081694,NA
Scomberomorus regalis,NA,Scombridae,NA,2657500,pelagic,reef-associated,183,NA,2229.38955,0.602525476,4.51,Actinopteri,LC,0.197133518,34.15609016,NA
Scomberomorus sierra,NA,Scombridae,NA,742500,pelagic,pelagic-neritic,99,NA,48802.96067,0.625514345,4.49,Actinopteri,LC,0.095876038,30.99234756,NA
Scomberomorus tritor,NA,Scombridae,NA,567500,pelagic,pelagic-neritic,100,NA,12151.3325,1.01040211,4.42,Actinopteri,LC,0.071809008,30.99430917,NA
Scophthalmus aquosus,NA,Scophthalmidae,NA,307500,habitat_benthic,demersal,45.70000076,NA,2809.547851,0.591988437,3.72,Actinopteri,NA,0.012426194,43.60554207,NA
Scophthalmus maximus,NA,Scophthalmidae,NA,1410000,habitat_benthic,demersal,100,NA,62251.19121,0.444655202,4.36,Actinopteri,NA,0.112151632,50.81020677,45.01
Scophthalmus rhombus,NA,Scophthalmidae,NA,2545000,habitat_benthic,demersal,75,NA,9133.32108,0.83735981,4.42,Actinopteri,NA,0.072892077,47.29397291,NA
Sebastes aleutianus,NA,Sebastidae,NA,1802500,habitat_benthic,bathydemersal,97,NA,64222.26283,0.038306076,3.52,Actinopteri,NA,0.130566195,68.85108185,NA
Sebastes alutus,NA,Sebastidae,NA,1702500,habitat_benthic,bathydemersal,53,NA,691016.9391,0.0482791,3.48,Actinopteri,NA,0.065341001,69.60705351,NA
Sebastes carnatus,NA,Sebastidae,NA,112500,territorial,demersal,39,NA,2351.425635,0.085905332,3.660011125,Actinopteri,NA,0.003078737,47.74623829,NA
Sebastes chlorostictus,NA,Sebastidae,NA,172500,habitat_benthic,demersal,50,NA,1780.254259,0.085905332,3.764736842,Actinopteri,NA,0.009147964,60.96682742,NA
Sebastes crameri,NA,Sebastidae,NA,1632500,habitat_benthic,bathydemersal,58,NA,29240.00378,0.05294117,3.764736842,Actinopteri,NA,0.071381961,73.25318145,90
Sebastes diploproa,NA,Sebastidae,NA,647500,habitat_benthic,bathydemersal,46,NA,29520.86836,0.085905332,3.764736842,Actinopteri,NA,0.050080724,65.85248449,NA
Sebastes elongatus,NA,Sebastidae,NA,492500,habitat_benthic,demersal,39,NA,17439.05776,0.092092131,3.764736842,Actinopteri,NA,0.020600612,61.71137006,NA
Sebastes entomelas,NA,Sebastidae,NA,927500,habitat_reef,pelagic-neritic,60,NA,127872.2023,0.085905332,3.7,Actinopteri,NA,0.063291109,47.98479011,NA
Sebastes flavidus,NA,Sebastidae,NA,622500,habitat_reef,reef-associated,66,NA,159936.5521,0.058523207,4.15,Actinopteri,NA,0.049258216,50.51229133,NA
Sebastes goodei,NA,Sebastidae,NA,185000,habitat_reef,demersal,56,NA,46512.24116,0.093050773,3.510556301,Actinopteri,NA,0.016883601,50.96985056,NA
Sebastes jordani,NA,Sebastidae,NA,340000,habitat_benthic,demersal,32,NA,39338.6479,0.096107777,3.267692214,Actinopteri,NA,5.95E-04,66.99776293,NA
Sebastes melanostomus,NA,Sebastidae,NA,207500,habitat_deep,bathydemersal,61,NA,7727.497921,0.057457149,3.764736842,Actinopteri,NA,0.010126488,56.80472276,NA
Sebastes norvegicus,NA,Sebastidae,NA,9940000,habitat_benthic,pelagic-oceanic,100,NA,478637.3024,0.057488971,4.052330035,Actinopteri,NA,0.083113835,68.785105,NA
Sebastes paucispinis,NA,Sebastidae,NA,732500,habitat_reef,reef-associated,91,NA,15963.77887,0.106073465,3.557260934,Actinopteri,NA,0.073583906,45.75724411,NA
Sebastes pinniger,NA,Sebastidae,NA,487500,habitat_reef,demersal,76,NA,51977.33195,0.038909064,3.828147801,Actinopteri,NA,0.065165759,55.25874663,NA
Sebastes polyspinis,NA,Sebastidae,NA,1407500,habitat_benthic,demersal,41,NA,345574.1274,0.050194328,3.42,Actinopteri,NA,0.067452991,68.7127051,NA
Sebastes ruberrimus,NA,Sebastidae,NA,820000,habitat_reef,reef-associated,104,NA,2339.314792,0.035907951,4.43,Actinopteri,NA,0.026916481,50.04275947,NA
Sebastes rufus,NA,Sebastidae,NA,112500,habitat_benthic,demersal,54,NA,14326.25857,0.085905332,3.764736842,Actinopteri,NA,0.011837884,62.05449696,NA
Sebastes variabilis,NA,Sebastidae,NA,2635000,habitat_benthic,demersal,43.08000183,NA,66182.62796,0.083414729,3.764736842,Actinopteri,NA,0.078775927,65.13874844,NA
Sebastolobus alascanus,NA,Sebastidae,NA,2282500,habitat_benthic,demersal,80,NA,63731.52319,0.053976428,3.62,Actinopteri,EN,0.129936793,70.60405749,NA
Sebastolobus altivelis,NA,Sebastidae,NA,1000000,habitat_deep,bathydemersal,39,NA,53498.10167,0.094545411,3.62,Actinopteri,NA,0.03685844,52.83458309,NA
Selar crumenophthalmus,NA,Carangidae,NA,19110000,pelagic,reef-associated,70,NA,368036.904,1.355871747,3.81,Actinopteri,LC,1.795502101,43.5652326,NA
Selaroides leptolepis,NA,Carangidae,NA,8477500,habitat_coastal,reef-associated,22,NA,374978.549,1.611950512,3.84,Actinopteri,LC,0.001785506,39.37285581,NA
Selene dorsalis,NA,Carangidae,NA,612500,habitat_coastal,demersal,40,NA,20264.77448,0.654916541,4.089693741,Actinopteri,LC,0.026994586,30.66942255,NA
Selene peruviana,NA,Carangidae,NA,720000,habitat_coastal,benthopelagic,40,NA,121.8886416,0.882477633,4.26,Actinopteri,LC,0.010504236,34.65631084,NA
Selene setapinnis,NA,Carangidae,NA,3615000,habitat_coastal,benthopelagic,60,NA,11454.45638,0.895328391,3.753420389,Actinopteri,LC,0.109933111,37.20284495,NA
Seriola dumerili,NA,Carangidae,NA,21225000,habitat_reef,reef-associated,190,NA,12812.99915,0.450960773,4.5,Actinopteri,LC,2.507335409,32.69772801,NA
Seriola lalandi,NA,Carangidae,NA,18980000,habitat_reef,benthopelagic,250,NA,3829.661199,0.434484387,4.16,Actinopteri,LC,8.927091881,37.23152714,NA
Seriola rivoliana,NA,Carangidae,NA,19202500,pelagic,reef-associated,160,NA,58.95087627,0.505844898,4.45,Actinopteri,LC,1.530538295,30.88392876,NA
Seriolella brama,NA,Centrolophidae,NA,1212500,habitat_coastal,benthopelagic,76,NA,3432.750927,0.250259896,3.762761315,Actinopteri,NA,0.080157885,37.86095662,NA
Seriolella caerulea,NA,Centrolophidae,NA,1385000,habitat_coastal,pelagic-neritic,65,NA,24687.53843,0.332338521,3.267692214,Actinopteri,LC,0.186456044,43.31559191,NA
Seriolella porosa,NA,Centrolophidae,NA,62500,habitat_coastal,benthopelagic,44,NA,63803.72084,0.319065467,3.454510743,Actinopteri,NA,0.020307777,43.26346382,NA
Seriolella punctata,NA,Centrolophidae,NA,1765000,migratory,benthopelagic,66,NA,87626.04899,0.261217826,3.575942787,Actinopteri,NA,0.167843269,38.56734453,NA
Seriolina nigrofasciata,NA,Carangidae,NA,11355000,habitat_reef,reef-associated,70,NA,7364.200794,0.934625792,4.173762079,Actinopteri,LC,0.760674726,34.62731034,NA
Sillago sihama,NA,Sillaginidae,NA,9625000,habitat_coastal,reef-associated,31,NA,3527.909001,0.712832445,3.33,Actinopteri,LC,0.001278577,31.37380084,NA
Solea solea,NA,Soleidae,NA,1462500,habitat_benthic,demersal,70,NA,164180.231,0.314243351,3.21,Actinopteri,DD,0.17853108,62.95500255,45
Sphyraena jello,NA,Sphyraenidae,NA,12932500,habitat_coastal,reef-associated,150,NA,1405.594128,0.597620596,4.5,Actinopteri,NA,1.845356386,32.21279993,NA
Sphyraena obtusata,NA,Sphyraenidae,NA,13422500,habitat_coastal,reef-associated,55,NA,272.2131651,0.681157357,4.5,Actinopteri,NA,0.374617554,31.16676728,NA
Sphyraena sphyraena,NA,Sphyraenidae,NA,2112500,habitat_coastal,pelagic-neritic,165,NA,355.4622256,0.488918336,4.052330035,Actinopteri,LC,0.160369169,30.39808491,NA
Spondyliosoma cantharus,NA,Sparidae,NA,3510000,habitat_reef,benthopelagic,60,NA,62479.58166,0.395053221,3.34,Actinopteri,LC,0.166995577,35.50824757,34.775
Sprattus fuegensis,NA,Clupeidae,NA,282500,habitat_coastal,pelagic-neritic,18,NA,12980.05344,0.593471516,2.707236627,Actinopteri,LC,5.88E-04,35.65012155,NA
Sprattus sprattus,NA,Clupeidae,NA,1992500,migratory,pelagic-neritic,16,NA,399549.1027,0.475566882,3.090214611,Actinopteri,LC,0.001688348,40.09952158,NA
Stenotomus chrysops,NA,Sparidae,NA,602500,habitat_reef,demersal,46,NA,134258.1063,0.347529243,3.82,Actinopteri,NT,0.083701674,37.59700612,NA
Stephanolepis cirrhifer,NA,Monacanthidae,NA,242500,habitat_coastal,demersal,30,NA,270394.69,0.842910887,2.931418862,Actinopteri,LC,9.19E-04,39.29188721,NA
Stereolepis gigas,NA,Polyprionidae,NA,632500,habitat_benthic,demersal,250,NA,33.70154285,0.278444226,4.482012652,Actinopteri,CR,0.246827955,49.83530978,NA
Stromateus fiatola,NA,Stromateidae,NA,1900000,pelagic,benthopelagic,50,NA,9289.599466,0.838796982,4.042989109,Actinopteri,LC,0.072893244,33.22565388,NA
Tautoga onitis,NA,Labridae,NA,415000,habitat_coastal,reef-associated,91,NA,859.9392305,0.359313762,3.379783269,Actinopteri,VU,0.045648641,34.03006098,NA
Tautogolabrus adspersus,NA,Labridae,NA,990000,habitat_coastal,reef-associated,38,NA,17.04358747,0.542139383,3.72,Actinopteri,LC,0.020457771,28.52744123,NA
Tenualosa ilisha,NA,Clupeidae,NA,1715000,migratory,pelagic-neritic,60,NA,1062830.659,1.644075154,2.978123494,Actinopteri,LC,0.126309879,46.33128022,NA
Tenualosa toli,NA,Clupeidae,NA,2412500,habitat_coastal,pelagic-neritic,60,NA,7197.743231,2.001580709,2.59514551,Actinopteri,VU,0.097897932,37.46228828,NA
Tetrapturus angustirostris,NA,Istiophoridae,NA,156842500,hms,pelagic-oceanic,230,NA,422.4151485,0.48980251,4.482012652,Actinopteri,DD,14972.86136,31.26415733,NA
Tetrapturus belone,NA,Istiophoridae,NA,2882500,hms,pelagic-oceanic,240,NA,36.2268458,0.48980251,4.341898755,Actinopteri,LC,0.32447377,31.67516171,NA
Tetrapturus pfluegeri,NA,Istiophoridae,NA,40682500,hms,pelagic-oceanic,254,NA,882.5026234,0.48980251,4.4,Actinopteri,LC,6.662213829,30.07516224,NA
Thunnus alalunga,NA,Scombridae,NA,214395000,hms,pelagic-oceanic,140,NA,1496373.192,0.139377132,4.3,Actinopteri,NT,5756.014259,44.12174625,NA
Thunnus atlanticus,NA,Scombridae,NA,17285000,hms,pelagic-oceanic,107.9499969,NA,21204.61504,0.411464956,4.35,Actinopteri,LC,1.227508927,25.10437597,NA
Thunnus maccoyii,NA,Scombridae,NA,81205000,hms,pelagic-oceanic,245,NA,678424.4269,0.101845095,3.949579907,Actinopteri,CR,1474.399297,50.62099711,24
Thunnus obesus,NA,Scombridae,NA,492747500,pelagic,pelagic-oceanic,250,NA,2522991.787,0.236346256,4.49,Actinopteri,VU,38100.28374,52.12694075,NA
Thunnus thynnus,NA,Scombridae,NA,59672500,pelagic,pelagic-oceanic,458,NA,893507.9525,0.081764288,4.45,Actinopteri,EN,21.25898551,57.00519928,31
Thunnus tonggol,NA,Scombridae,NA,13385000,pelagic,pelagic-neritic,144.9830017,NA,4937248.325,0.221774814,4.5,Actinopteri,DD,2.580769182,45.57389128,NA
Thyrsites atun,NA,Gempylidae,NA,2655000,habitat_coastal,benthopelagic,200,NA,709214.8872,0.349062752,3.63,Actinopteri,NA,0.517848469,54.98519187,NA
Trachinotus blochii,NA,Carangidae,NA,9000000,habitat_reef,reef-associated,110,NA,91.9989765,0.842835464,3.772102242,Actinopteri,LC,0.094542896,39.61426812,NA
Trachinotus carolinus,NA,Carangidae,NA,2425000,habitat_coastal,benthopelagic,64,NA,882.2125221,0.842835464,3.5,Actinopteri,LC,0.13004077,34.62225803,NA
Trachinotus mookalee,NA,Carangidae,NA,4482500,habitat_coastal,demersal,90,NA,485.224006,0.842835464,3.94,Actinopteri,LC,0.104012085,33.92806175,NA
Trachinus draco,NA,Trachinidae,NA,2867500,habitat_benthic,demersal,53,NA,3639.605607,0.630179269,4.183103005,Actinopteri,LC,0.047975367,43.35041324,12.9
Trachipterus arcticus,NA,Trachipteridae,NA,10997500,habitat_deep,bathypelagic,300,NA,10.93425039,0.142305137,4.482012652,Actinopteri,NA,0.614898954,43.64398976,NA
Trachurus capensis,NA,Carangidae,NA,510000,pelagic,pelagic-neritic,60,NA,2291234.841,0.28187887,3.519897228,Actinopteri,LC,0.072285607,42.76128993,NA
Trachurus declivis,NA,Carangidae,NA,1517500,pelagic,benthopelagic,64,NA,147861.1578,0.289613477,3.949579844,Actinopteri,LC,0.157308317,43.18730153,NA
Trachurus japonicus,NA,Carangidae,NA,525000,pelagic,pelagic-neritic,50,NA,1673773.132,0.601339121,3.454510743,Actinopteri,NT,0.092799055,33.65837976,NA
Trachurus lathami,NA,Carangidae,NA,2837500,pelagic,reef-associated,40,NA,4045.653756,0.704050364,3.99,Actinopteri,LC,0.04289244,30.54590291,NA
Trachurus mediterraneus,NA,Carangidae,NA,2082500,pelagic,pelagic-oceanic,60,NA,196943.5002,0.392946037,3.77,Actinopteri,LC,0.167417728,32.29485704,NA
Trachurus murphyi,NA,Carangidae,NA,6805000,pelagic,pelagic-oceanic,70,NA,10384286.67,0.246772596,3.33,Actinopteri,DD,0.169206487,81.97205708,NA
Trachurus symmetricus,NA,Carangidae,NA,12545000,pelagic,pelagic-oceanic,81,NA,97859.78073,0.238376295,3.57,Actinopteri,LC,1.439324294,29.05903427,1.5
Trachurus trachurus,NA,Carangidae,NA,217500,pelagic,pelagic-neritic,70,NA,16544709.45,0.412444993,3.71,Actinopteri,VU,0.043560843,76.16806633,NA
Trachurus trecae,NA,Carangidae,NA,730000,pelagic,benthopelagic,35,NA,3004486.97,0.478731232,3.538579081,Actinopteri,LC,0.002648639,33.54053011,NA
Tragulichthys jaculiferus,NA,Diodontidae,NA,1675000,habitat_benthic,reef-associated,30,NA,36.2166677,0.824040474,3.547920007,Actinopteri,NA,9.89E-04,46.71759144,NA
Trichiurus lepturus,NA,Trichiuridae,NA,17082500,habitat_coastal,benthopelagic,234,NA,25390267.52,0.583280022,4.42,Actinopteri,LC,7.020770168,71.55962604,NA
Trisopterus esmarkii,NA,Gadidae,NA,1107500,migratory,benthopelagic,35,NA,499895.1945,0.615787528,3.24,Actinopteri,LC,0.003009048,39.1462762,NA
Trisopterus luscus,NA,Gadidae,NA,1130000,habitat_coastal,benthopelagic,46,NA,61292.12745,0.880553021,3.73,Actinopteri,NA,0.129038012,40.94007521,NA
Trisopterus minutus,NA,Gadidae,NA,1602500,habitat_benthic,benthopelagic,40,NA,6807.29384,0.709260995,3.73,Actinopteri,NA,0.038637344,43.5991732,NA
Tylosurus crocodilus,NA,Belonidae,NA,12982500,habitat_coastal,reef-associated,150,NA,353.3717566,0.696411061,4.43,Actinopteri,NA,1.325292967,29.65264941,NA
Umbrina canariensis,NA,Sciaenidae,NA,2567500,habitat_benthic,demersal,80,NA,11581.93929,0.378795976,3.426487963,Actinopteri,LC,0.196461664,45.9271977,NA
Umbrina canosai,NA,Sciaenidae,NA,347500,habitat_benthic,demersal,40,NA,56568.85569,0.680525062,3.874852433,Actinopteri,NA,0.011373792,50.84039859,NA
Umbrina cirrosa,NA,Sciaenidae,NA,1472500,habitat_reef,demersal,73,NA,3945.84549,0.434111271,3.463851669,Actinopteri,NA,0.121642487,28.41127024,NA
Uranoscopus scaber,NA,Uranoscopidae,NA,2260000,sedentary,demersal,40,NA,1454.422055,0.644695944,4.369921534,Actinopteri,LC,0.012179208,24.8686799,NA
Urophycis brasiliensis,NA,Phycidae,NA,62500,habitat_benthic,demersal,52.20000076,NA,23685.99795,0.37513184,3.958920771,Actinopteri,NA,0.0233018,49.93900645,NA
Urophycis chuss,NA,Phycidae,NA,492500,migratory,demersal,66,NA,132954.9808,0.303554299,3.72,Actinopteri,NA,0.109249355,49.68801199,NA
Urophycis tenuis,NA,Phycidae,NA,565000,migratory,demersal,133,NA,65329.05888,0.178334746,4.27,Actinopteri,NA,0.065820042,40.66516908,NA
Variola louti,NA,Serranidae,NA,12655000,habitat_reef,reef-associated,83,NA,3312.079611,0.375052579,4.33,Actinopteri,LC,0.634679922,30.33681196,NA
Xiphias gladius,NA,Xiphiidae,NA,266090000,hms,pelagic-oceanic,455,NA,229574.405,0.315549819,4.53,Actinopteri,LC,111337.2603,37.64689322,NA
Zenopsis conchifer,NA,Zeidae,NA,8547500,habitat_reef,benthopelagic,80,NA,3095.415258,0.246372114,4.5,Actinopteri,LC,0.051742398,34.31743244,NA
Zenopsis nebulosa,NA,Zeidae,NA,6145000,deep,benthopelagic,70,NA,18348.48763,0.198679481,4.379262461,Actinopteri,NA,0.048306483,49.94305994,NA
Zeus faber,NA,Zeidae,NA,10750000,habitat_reef,benthopelagic,90,NA,218388.0506,0.213577785,4.5,Actinopteri,DD,0.111995864,31.67603199,NA
Zoarces viviparus,NA,Zoarcidae,NA,927500,sedentary,demersal,52,NA,431.8090904,0.330738753,3.519897228,Actinopteri,NA,0.026383676,36.73609824,NA
